
-- 가입경로 테이블 정보 추가
INSERT INTO TBL_SIGNUP_PATH(SIGNUP_PATH_CODE,SIGNUP_PATH_NAME)
VALUES(SEQ_TBL_SIGNUP_PATH_NO.NEXTVAL,'자사페이지');
INSERT INTO TBL_SIGNUP_PATH(SIGNUP_PATH_CODE,SIGNUP_PATH_NAME)
VALUES(SEQ_TBL_SIGNUP_PATH_NO.NEXTVAL,'카카오');

commit;

-- 권한 테이블 정보 추가
INSERT INTO TBL_AUTHORITY(AUTHORITY_CODE,AUTHORITY_NAME,AUTHORITY_DESC)
VALUES(SEQ_TBL_AUTHORITY_NO.NEXTVAL,'ROLE_ADMIN','관리자');
INSERT INTO TBL_AUTHORITY(AUTHORITY_CODE,AUTHORITY_NAME,AUTHORITY_DESC)
VALUES(SEQ_TBL_AUTHORITY_NO.NEXTVAL,'ROLE_PET_SITTER','펫시터');
INSERT INTO TBL_AUTHORITY(AUTHORITY_CODE,AUTHORITY_NAME,AUTHORITY_DESC)
VALUES(SEQ_TBL_AUTHORITY_NO.NEXTVAL,'ROLE_MEMBER','일반회원');

commit;

-- 관리자 admin (인덱스 1)
-- 일반회원 test1 ~ test3 (인덱스 2, 3, 4)
-- 펫시터 test4 ~ test8 (인덱스 5, 6, 7, 8, 9)
-- 특별 아이디 ha123

-- 관리자 정보 추가
INSERT INTO TBL_MEMBER(MEMBER_NO,MEMBER_ID,MEMBER_PWD,MEMBER_NAME,NICKNAME,PHONE,GENDER,POST_NO,ADDRESS,ADDRESS2,POINT,MEMBER_STAT,MEMBER_STAT_DATE,REGIST_DATE,WARNING_COUNT,SIGNUP_PATH_CODE)
VALUES(SEQ_TBL_MEMBER_NO.NEXTVAL,'admin@gmail.com','$2a$10$3Vw7wYbmxMgw5MwJO7BxReqqRKoTlla7D6qa8BP5Ea7lIsikZhc4W','김관리','관리자','01012345678','M',03148,'서울 종로구 인사동 12길','15층 999호',1000,'활동','2023-09-24','2023-09-24',0,1);
-- 일반회원 정보 추가
INSERT INTO TBL_MEMBER(MEMBER_NO,MEMBER_ID,MEMBER_PWD,MEMBER_NAME,NICKNAME,PHONE,GENDER,POST_NO,ADDRESS,ADDRESS2,POINT,MEMBER_STAT,MEMBER_STAT_DATE,REGIST_DATE,WARNING_COUNT,SIGNUP_PATH_CODE)
VALUES(SEQ_TBL_MEMBER_NO.NEXTVAL,'test1@gmail.com','$2a$10$3Vw7wYbmxMgw5MwJO7BxReqqRKoTlla7D6qa8BP5Ea7lIsikZhc4W','박해리','해리포터','01012345678','F',05831,'서울 종로구 인사동 12길','15층 999호',1000,'활동','2023-09-24','2023-09-24',0,1);
INSERT INTO TBL_MEMBER(MEMBER_NO,MEMBER_ID,MEMBER_PWD,MEMBER_NAME,NICKNAME,PHONE,GENDER,POST_NO,ADDRESS,ADDRESS2,POINT,MEMBER_STAT,MEMBER_STAT_DATE,REGIST_DATE,WARNING_COUNT,SIGNUP_PATH_CODE)
VALUES(SEQ_TBL_MEMBER_NO.NEXTVAL,'test2@gmail.com','$2a$10$3Vw7wYbmxMgw5MwJO7BxReqqRKoTlla7D6qa8BP5Ea7lIsikZhc4W','주범진','백호','01045813947','F',10544,'경기 고양시 덕양구 가양대로 110','999호',9000,'활동','2023-09-12','2023-09-12',0,1);
INSERT INTO TBL_MEMBER(MEMBER_NO,MEMBER_ID,MEMBER_PWD,MEMBER_NAME,NICKNAME,PHONE,GENDER,POST_NO,ADDRESS,ADDRESS2,POINT,MEMBER_STAT,MEMBER_STAT_DATE,REGIST_DATE,WARNING_COUNT,SIGNUP_PATH_CODE)
VALUES(SEQ_TBL_MEMBER_NO.NEXTVAL,'test3@gmail.com','$2a$10$3Vw7wYbmxMgw5MwJO7BxReqqRKoTlla7D6qa8BP5Ea7lIsikZhc4W','이순신','꼬북','01045813947','M',53062,'경남 통영시 가죽고랑1길 7','999호',1000,'활동','2023-09-12','2023-09-12',0,1);
-- 펫시터 회원 정보 추가
INSERT INTO TBL_MEMBER(MEMBER_NO,MEMBER_ID,MEMBER_PWD,MEMBER_NAME,NICKNAME,PHONE,GENDER,POST_NO,ADDRESS,ADDRESS2,POINT,MEMBER_STAT,MEMBER_STAT_DATE,REGIST_DATE,WARNING_COUNT,SIGNUP_PATH_CODE)
VALUES(SEQ_TBL_MEMBER_NO.NEXTVAL,'test4@gmail.com','$2a$10$3Vw7wYbmxMgw5MwJO7BxReqqRKoTlla7D6qa8BP5Ea7lIsikZhc4W','도우너','깐따삐야','01045813947','M',07573,'서울 강서구 강서로 462','999호',1000,'활동','2023-09-12','2023-09-12',0,1);
INSERT INTO TBL_MEMBER(MEMBER_NO,MEMBER_ID,MEMBER_PWD,MEMBER_NAME,NICKNAME,PHONE,GENDER,POST_NO,ADDRESS,ADDRESS2,POINT,MEMBER_STAT,MEMBER_STAT_DATE,REGIST_DATE,WARNING_COUNT,SIGNUP_PATH_CODE)
VALUES(SEQ_TBL_MEMBER_NO.NEXTVAL,'test5@gmail.com','$2a$10$3Vw7wYbmxMgw5MwJO7BxReqqRKoTlla7D6qa8BP5Ea7lIsikZhc4W','둘리','호이','01045813947','F',13480,'경기 성남시 분당구 대왕판교로 477','999호',1000,'활동','2023-09-12','2023-09-12',0,1);
INSERT INTO TBL_MEMBER(MEMBER_NO,MEMBER_ID,MEMBER_PWD,MEMBER_NAME,NICKNAME,PHONE,GENDER,POST_NO,ADDRESS,ADDRESS2,POINT,MEMBER_STAT,MEMBER_STAT_DATE,REGIST_DATE,WARNING_COUNT,SIGNUP_PATH_CODE)
VALUES(SEQ_TBL_MEMBER_NO.NEXTVAL,'test6@gmail.com','$2a$10$3Vw7wYbmxMgw5MwJO7BxReqqRKoTlla7D6qa8BP5Ea7lIsikZhc4W','또치','까칠이','01045813947','F',08327,'서울 구로구 가마산로 87','999호',1000,'활동','2023-09-12','2023-09-12',0,1);
INSERT INTO TBL_MEMBER(MEMBER_NO,MEMBER_ID,MEMBER_PWD,MEMBER_NAME,NICKNAME,PHONE,GENDER,POST_NO,ADDRESS,ADDRESS2,POINT,MEMBER_STAT,MEMBER_STAT_DATE,REGIST_DATE,WARNING_COUNT,SIGNUP_PATH_CODE)
VALUES(SEQ_TBL_MEMBER_NO.NEXTVAL,'test7@gmail.com','$2a$10$3Vw7wYbmxMgw5MwJO7BxReqqRKoTlla7D6qa8BP5Ea7lIsikZhc4W','마이콜','맛좋은라면','01045813947','M',13581,'경기 성남시 분당구 분당로 190','999호',1000,'활동','2023-09-12','2023-09-12',0,1);
INSERT INTO TBL_MEMBER(MEMBER_NO,MEMBER_ID,MEMBER_PWD,MEMBER_NAME,NICKNAME,PHONE,GENDER,POST_NO,ADDRESS,ADDRESS2,POINT,MEMBER_STAT,MEMBER_STAT_DATE,REGIST_DATE,WARNING_COUNT,SIGNUP_PATH_CODE)
VALUES(SEQ_TBL_MEMBER_NO.NEXTVAL,'test8@gmail.com','$2a$10$3Vw7wYbmxMgw5MwJO7BxReqqRKoTlla7D6qa8BP5Ea7lIsikZhc4W','고길동','길동아부지','01045813947','M',10134,'경기 김포시 고촌읍 김포대로 119-5','999호',1000,'활동','2023-09-12','2023-09-12',0,1);
Insert into TBL_MEMBER (MEMBER_NO,MEMBER_ID,MEMBER_PWD,MEMBER_NAME,NICKNAME,PHONE,GENDER,POST_NO,ADDRESS,ADDRESS2,POINT,MEMBER_STAT,MEMBER_STAT_DATE,REGIST_DATE,WARNING_COUNT,SIGNUP_PATH_CODE)
values (SEQ_TBL_MEMBER_NO.NEXTVAL,'ha123@naver.com','$2a$10$3Vw7wYbmxMgw5MwJO7BxReqqRKoTlla7D6qa8BP5Ea7lIsikZhc4W','하하','하하','01045678941','F',13475,'경기 성남시 분당구 서판교로 99','33',1000,'활동','2023-09-12','2023-09-12',0,1);

commit;


-- 관리자 admin (인덱스 1)
-- 일반회원 test1 ~ test3 (인덱스 2, 3, 4)
-- 펫시터 test4 ~ test8 (인덱스 5, 6, 7, 8, 9)

-- 권한 서브 테이블 정보 추가
INSERT INTO TBL_ROLE(AUTHORITY_CODE,MEMBER_NO)
VALUES(1,1);

INSERT INTO TBL_ROLE(AUTHORITY_CODE,MEMBER_NO)
VALUES(3,2);
INSERT INTO TBL_ROLE(AUTHORITY_CODE,MEMBER_NO)
VALUES(3,3);
INSERT INTO TBL_ROLE(AUTHORITY_CODE,MEMBER_NO)
VALUES(3,4);

INSERT INTO TBL_ROLE(AUTHORITY_CODE,MEMBER_NO)
VALUES(2,5);
INSERT INTO TBL_ROLE(AUTHORITY_CODE,MEMBER_NO)
VALUES(3,5);
INSERT INTO TBL_ROLE(AUTHORITY_CODE,MEMBER_NO)
VALUES(2,6);
INSERT INTO TBL_ROLE(AUTHORITY_CODE,MEMBER_NO)
VALUES(3,6);
INSERT INTO TBL_ROLE(AUTHORITY_CODE,MEMBER_NO)
VALUES(2,7);
INSERT INTO TBL_ROLE(AUTHORITY_CODE,MEMBER_NO)
VALUES(3,7);
INSERT INTO TBL_ROLE(AUTHORITY_CODE,MEMBER_NO)
VALUES(2,8);
INSERT INTO TBL_ROLE(AUTHORITY_CODE,MEMBER_NO)
VALUES(3,8);
INSERT INTO TBL_ROLE(AUTHORITY_CODE,MEMBER_NO)
VALUES(2,9);
INSERT INTO TBL_ROLE(AUTHORITY_CODE,MEMBER_NO)
VALUES(3,9);

commit;


-- 경력 테이블 정보 추가
Insert into TBL_CAREER (CAREER_NO,CAREER_CONTENT,PET_MEMBER_NO) values (SEQ_TBL_CAREER_NO.nextval,'강아지키운경력20년이상',5);
Insert into TBL_CAREER (CAREER_NO,CAREER_CONTENT,PET_MEMBER_NO) values (SEQ_TBL_CAREER_NO.nextval,'반려동물관리사1급 (한국반려동물 자격협회)',5);
Insert into TBL_CAREER (CAREER_NO,CAREER_CONTENT,PET_MEMBER_NO) values (SEQ_TBL_CAREER_NO.nextval,'반려동물행동교정사 1급 (한국반려동물 자격협회)',5);
Insert into TBL_CAREER (CAREER_NO,CAREER_CONTENT,PET_MEMBER_NO) values (SEQ_TBL_CAREER_NO.nextval,'반려동물장례지도사 (한국반려동물 자격협회)',5);
Insert into TBL_CAREER (CAREER_NO,CAREER_CONTENT,PET_MEMBER_NO) values (SEQ_TBL_CAREER_NO.nextval,'양육경험 10년',6);
Insert into TBL_CAREER (CAREER_NO,CAREER_CONTENT,PET_MEMBER_NO) values (SEQ_TBL_CAREER_NO.nextval,'반려동물 관리사 1급 (한국직업능력진흥원)',7);
Insert into TBL_CAREER (CAREER_NO,CAREER_CONTENT,PET_MEMBER_NO) values (SEQ_TBL_CAREER_NO.nextval,'반려동물 행동교사 1급 (한국직업능력진흥원)',7);
Insert into TBL_CAREER (CAREER_NO,CAREER_CONTENT,PET_MEMBER_NO) values (SEQ_TBL_CAREER_NO.nextval,'애견카페, 유치원 1년 근무',7);
Insert into TBL_CAREER (CAREER_NO,CAREER_CONTENT,PET_MEMBER_NO) values (SEQ_TBL_CAREER_NO.nextval,'애견샵 6개월 근무',7);
Insert into TBL_CAREER (CAREER_NO,CAREER_CONTENT,PET_MEMBER_NO) values (SEQ_TBL_CAREER_NO.nextval,'동물병원 수의테크니션 6개월 근무',7);
Insert into TBL_CAREER (CAREER_NO,CAREER_CONTENT,PET_MEMBER_NO) values (SEQ_TBL_CAREER_NO.nextval,'현재 애견용품점 운영',7);
Insert into TBL_CAREER (CAREER_NO,CAREER_CONTENT,PET_MEMBER_NO) values (SEQ_TBL_CAREER_NO.nextval,'반려견 양육경험 25년 이상',8);
Insert into TBL_CAREER (CAREER_NO,CAREER_CONTENT,PET_MEMBER_NO) values (SEQ_TBL_CAREER_NO.nextval,'펫시팅 경험 다수',8);
Insert into TBL_CAREER (CAREER_NO,CAREER_CONTENT,PET_MEMBER_NO) values (SEQ_TBL_CAREER_NO.nextval,'반려견 돌봄 교육 수료',8);
Insert into TBL_CAREER (CAREER_NO,CAREER_CONTENT,PET_MEMBER_NO) values (SEQ_TBL_CAREER_NO.nextval,'반려동물시민학교 교육 수료',8);
Insert into TBL_CAREER (CAREER_NO,CAREER_CONTENT,PET_MEMBER_NO) values (SEQ_TBL_CAREER_NO.nextval,'반려동물 문화교실 교육 수료',8);
Insert into TBL_CAREER (CAREER_NO,CAREER_CONTENT,PET_MEMBER_NO) values (SEQ_TBL_CAREER_NO.nextval,'행동교정,특수목적견훈련 재학중',8);
Insert into TBL_CAREER (CAREER_NO,CAREER_CONTENT,PET_MEMBER_NO) values (SEQ_TBL_CAREER_NO.nextval,'반려견 양육경험 25년 이상',9);
Insert into TBL_CAREER (CAREER_NO,CAREER_CONTENT,PET_MEMBER_NO) values (SEQ_TBL_CAREER_NO.nextval,'직접 개가되는 경력 12년 차',10);


commit;


-- 태그 테이블 정보 추가
Insert into TBL_PET_TAG (TAG_NO,TAG_CONTENT,PET_MEMBER_NO) values (SEQ_TBL_PET_TAG_NO.nextval,'노령견',5);
Insert into TBL_PET_TAG (TAG_NO,TAG_CONTENT,PET_MEMBER_NO) values (SEQ_TBL_PET_TAG_NO.nextval,'약물복용',5);
Insert into TBL_PET_TAG (TAG_NO,TAG_CONTENT,PET_MEMBER_NO) values (SEQ_TBL_PET_TAG_NO.nextval,'실외배변',5);
Insert into TBL_PET_TAG (TAG_NO,TAG_CONTENT,PET_MEMBER_NO) values (SEQ_TBL_PET_TAG_NO.nextval,'응급처치',5);
Insert into TBL_PET_TAG (TAG_NO,TAG_CONTENT,PET_MEMBER_NO) values (SEQ_TBL_PET_TAG_NO.nextval,'목욕',5);
Insert into TBL_PET_TAG (TAG_NO,TAG_CONTENT,PET_MEMBER_NO) values (SEQ_TBL_PET_TAG_NO.nextval,'교육/훈련',5);
Insert into TBL_PET_TAG (TAG_NO,TAG_CONTENT,PET_MEMBER_NO) values (SEQ_TBL_PET_TAG_NO.nextval,'장기돌봄',5);
Insert into TBL_PET_TAG (TAG_NO,TAG_CONTENT,PET_MEMBER_NO) values (SEQ_TBL_PET_TAG_NO.nextval,'분리돌봄',5);
Insert into TBL_PET_TAG (TAG_NO,TAG_CONTENT,PET_MEMBER_NO) values (SEQ_TBL_PET_TAG_NO.nextval,'CCTV',5);
Insert into TBL_PET_TAG (TAG_NO,TAG_CONTENT,PET_MEMBER_NO) values (SEQ_TBL_PET_TAG_NO.nextval,'대형견',6);
Insert into TBL_PET_TAG (TAG_NO,TAG_CONTENT,PET_MEMBER_NO) values (SEQ_TBL_PET_TAG_NO.nextval,'노령견',6);
Insert into TBL_PET_TAG (TAG_NO,TAG_CONTENT,PET_MEMBER_NO) values (SEQ_TBL_PET_TAG_NO.nextval,'약물복용',6);
Insert into TBL_PET_TAG (TAG_NO,TAG_CONTENT,PET_MEMBER_NO) values (SEQ_TBL_PET_TAG_NO.nextval,'실외배변',6);
Insert into TBL_PET_TAG (TAG_NO,TAG_CONTENT,PET_MEMBER_NO) values (SEQ_TBL_PET_TAG_NO.nextval,'읍급처치',6);
Insert into TBL_PET_TAG (TAG_NO,TAG_CONTENT,PET_MEMBER_NO) values (SEQ_TBL_PET_TAG_NO.nextval,'한마리돌봄',6);
Insert into TBL_PET_TAG (TAG_NO,TAG_CONTENT,PET_MEMBER_NO) values (SEQ_TBL_PET_TAG_NO.nextval,'반려견없음',6);
Insert into TBL_PET_TAG (TAG_NO,TAG_CONTENT,PET_MEMBER_NO) values (SEQ_TBL_PET_TAG_NO.nextval,'분리돌봄',6);
Insert into TBL_PET_TAG (TAG_NO,TAG_CONTENT,PET_MEMBER_NO) values (SEQ_TBL_PET_TAG_NO.nextval,'대형견',7);
Insert into TBL_PET_TAG (TAG_NO,TAG_CONTENT,PET_MEMBER_NO) values (SEQ_TBL_PET_TAG_NO.nextval,'노령견',7);
Insert into TBL_PET_TAG (TAG_NO,TAG_CONTENT,PET_MEMBER_NO) values (SEQ_TBL_PET_TAG_NO.nextval,'실외배변',7);
Insert into TBL_PET_TAG (TAG_NO,TAG_CONTENT,PET_MEMBER_NO) values (SEQ_TBL_PET_TAG_NO.nextval,'목욕',7);
Insert into TBL_PET_TAG (TAG_NO,TAG_CONTENT,PET_MEMBER_NO) values (SEQ_TBL_PET_TAG_NO.nextval,'교육/훈련',7);
Insert into TBL_PET_TAG (TAG_NO,TAG_CONTENT,PET_MEMBER_NO) values (SEQ_TBL_PET_TAG_NO.nextval,'장기돌봄',7);
Insert into TBL_PET_TAG (TAG_NO,TAG_CONTENT,PET_MEMBER_NO) values (SEQ_TBL_PET_TAG_NO.nextval,'수제간식',7);
Insert into TBL_PET_TAG (TAG_NO,TAG_CONTENT,PET_MEMBER_NO) values (SEQ_TBL_PET_TAG_NO.nextval,'분리돌봄',7);
Insert into TBL_PET_TAG (TAG_NO,TAG_CONTENT,PET_MEMBER_NO) values (SEQ_TBL_PET_TAG_NO.nextval,'노령견',8);
Insert into TBL_PET_TAG (TAG_NO,TAG_CONTENT,PET_MEMBER_NO) values (SEQ_TBL_PET_TAG_NO.nextval,'약물복용',8);
Insert into TBL_PET_TAG (TAG_NO,TAG_CONTENT,PET_MEMBER_NO) values (SEQ_TBL_PET_TAG_NO.nextval,'실외배변',8);
Insert into TBL_PET_TAG (TAG_NO,TAG_CONTENT,PET_MEMBER_NO) values (SEQ_TBL_PET_TAG_NO.nextval,'응급처치',8);
Insert into TBL_PET_TAG (TAG_NO,TAG_CONTENT,PET_MEMBER_NO) values (SEQ_TBL_PET_TAG_NO.nextval,'교육/훈련',8);
Insert into TBL_PET_TAG (TAG_NO,TAG_CONTENT,PET_MEMBER_NO) values (SEQ_TBL_PET_TAG_NO.nextval,'분리돌봄',8);
Insert into TBL_PET_TAG (TAG_NO,TAG_CONTENT,PET_MEMBER_NO) values (SEQ_TBL_PET_TAG_NO.nextval,'약물복용',9);
Insert into TBL_PET_TAG (TAG_NO,TAG_CONTENT,PET_MEMBER_NO) values (SEQ_TBL_PET_TAG_NO.nextval,'응급처치',9);
Insert into TBL_PET_TAG (TAG_NO,TAG_CONTENT,PET_MEMBER_NO) values (SEQ_TBL_PET_TAG_NO.nextval,'목욕',9);
Insert into TBL_PET_TAG (TAG_NO,TAG_CONTENT,PET_MEMBER_NO) values (SEQ_TBL_PET_TAG_NO.nextval,'장기돌봄',9);
Insert into TBL_PET_TAG (TAG_NO,TAG_CONTENT,PET_MEMBER_NO) values (SEQ_TBL_PET_TAG_NO.nextval,'분리돌봄',9);
Insert into TBL_PET_TAG (TAG_NO,TAG_CONTENT,PET_MEMBER_NO) values (SEQ_TBL_PET_TAG_NO.nextval,'아이없음',9);
Insert into TBL_PET_TAG (TAG_NO,TAG_CONTENT,PET_MEMBER_NO) values (SEQ_TBL_PET_TAG_NO.nextval,'실외배변',10);
Insert into TBL_PET_TAG (TAG_NO,TAG_CONTENT,PET_MEMBER_NO) values (SEQ_TBL_PET_TAG_NO.nextval,'뛰어노는 산책',10);


commit;

-- 펫시터 테이블 정보 추가
Insert into TBL_PET_SITTER (PET_MEMBER_NO,PET_REGIST_DATE,PET_STAT,PET_TITLE,PET_INTRODUCE,PET_PLACE,PET_CARE_COUNT,PET_BABY_YN,PET_PENCE,PET_MYPET_YN,PET_SMOK_YN,PET_CARE_SIZE,PET_CARE_AGE,PET_CHECKIN,PET_CHECKOUT,PET_REQUEST,PET_IMPOSSIBLE,PET_M_DAY_PAY,PET_M_TIME_PAY,PET_L_DAY_PAY,PET_L_TIME_PAY,PET_BANK,PET_BANK_NO,PET_BANK_NAME) values (5,'2023년 10월 18일 19시 39분 47초','승인','댕댕타미펫시터입니다. 강아지 20년 이상, 펫시팅 경험 많습니다.','말티즈를 딸같이 기르고 있는
강아지를 사랑하는 사람입니다.

제가 좋아하는 걸 찾아보니
... 강아지 펫시터가 정말 좋은 것 같더라구요.
진심으로 우러 나와서 하는 일이 좋고 기쁜 일이잖아요

강아지랑 함께 한지도 20년 이상이구요,
임보, 유기견봉사, 펫시터도 경험 많습니다.
그래서 강아지에 대해 잘 알고
어떻게 행동하고 대처해야 하는지 잘 인지하고 있습니다.

이웃집 보호자님들 자기 자식처럼 키운 애들
저에게 믿고 맡겨주시면 정성과 사랑으로
걱정 없이 잘보살피겠습니다.

산책은 저의 집에 가까운 bifc건물 그쪽 위주로 하고 있습니다.^^
집에 cctv도 있으니 안심하고 맡겨주세요.','주택',2,'N','N','Y','N','1~10kg 이하 가능합니다','1살부터~노령견까지 케어가능합니다','10:00~19:00','10:00~20:00','평소 먹는 펫푸드/간식, 산책용품, 좋아하는 장난감 등','짖음 심한 아이, 입질 심한 아이, 전염성 질환 있는 아이 등',35000,3500,55000,5500,'국민','213-3213-123456','도우너');
Insert into TBL_PET_SITTER (PET_MEMBER_NO,PET_REGIST_DATE,PET_STAT,PET_TITLE,PET_INTRODUCE,PET_PLACE,PET_CARE_COUNT,PET_BABY_YN,PET_PENCE,PET_MYPET_YN,PET_SMOK_YN,PET_CARE_SIZE,PET_CARE_AGE,PET_CHECKIN,PET_CHECKOUT,PET_REQUEST,PET_IMPOSSIBLE,PET_M_DAY_PAY,PET_M_TIME_PAY,PET_L_DAY_PAY,PET_L_TIME_PAY,PET_BANK,PET_BANK_NO,PET_BANK_NAME) values (6,'2023년 10월 18일 19시 44분 43초','승인','아파트 마당과 5분거리 뒷산 산책길 집중 돌봄 합니다 :D','현재 오랫동안 일하던 직장을 그만두고 몸 관리를 하고 있습니다.
산책도 많이 나가지만 현재는 직접 동물을 기를 순 없을 것 같아
다른 분들의 반려동물을 돌보며 기쁨을 나누면서 지내보려고 해요

... 우리 가족은 동물들을 너무 좋아해서
티비를 볼 때면 항상 동물 관련 다큐멘터리만 볼 정도 입니다.

어머니는 현재 전업주부 생활을 하고 계시고
어린시절부터 반려견과 많은 시간을 보내셨어요.


아파트 주변에 조성된 공간은 그조용하고 걷기 좋은 공간입니다.
우리 집은 햇빛이 아주 잘 들어오고 해질녘이 잘 보이는 곳이라
반려동물들도 편하게 지낼 수 있을거라 생각해요.

부탁하시는 것들 잘 챙겨드릴 자신 있습니다.','아파트',2,'N','N','N','N','1~35kg','예방접종 끝난 강아지~8살 이상 노령견 모두 가능합니다.','08:00~20:00','08:00~20:00','평소 먹는 펫푸드/간식, 배변패드, 산책용품/인식표 등','심한 하울링, 물거나 공격적인 아이, 물건 등을 심하게 뜯는 아이',35000,2000,40000,2500,'국민','213-3213-123456','둘리');
Insert into TBL_PET_SITTER (PET_MEMBER_NO,PET_REGIST_DATE,PET_STAT,PET_TITLE,PET_INTRODUCE,PET_PLACE,PET_CARE_COUNT,PET_BABY_YN,PET_PENCE,PET_MYPET_YN,PET_SMOK_YN,PET_CARE_SIZE,PET_CARE_AGE,PET_CHECKIN,PET_CHECKOUT,PET_REQUEST,PET_IMPOSSIBLE,PET_M_DAY_PAY,PET_M_TIME_PAY,PET_L_DAY_PAY,PET_L_TIME_PAY,PET_BANK,PET_BANK_NO,PET_BANK_NAME) values (7,'2023년 10월 18일 20시 08분 56초','승인','믿고 맡길수있는 가정호텔링 입니다. 24시간 밀착돌봄과 연락 가능!','가정 집이며 빈 시간 없이 언제나 밀착돌봄 가능합니다.
갑자기 외출 하셔야 하거나 집을 비우셔야 하는 견주분들을 위한 곳이며
24시간 체크인, 체크아웃도 가능합니다.

반려견에 아주 익숙하고,
반려동물 관리사 1급, 반려동물행동교사1급 자격증까지 보유 중이며,
펫푸드 자격증 까지 공부하고 있는 만큼,
아이들 케어 만큼은 자신 있습니다

24시간 상주하고 있으며, 아침 낮 밤 새벽 상관없이
연락, 사진과 동영상 전송 가능하니 시간에 부담 느끼지 마시고 연락 주세요!

무엇보다 아이들 불편함 없이 편안하게 쉬고 즐겁게 놀다 갈 수 있도록
최선을 다하여 케어 하겠습니다. ','빌라',1,'N','Y','Y','N','1~15kg 까지 가능합니다.','만 3개월 이상 ~ 15년 이하 가능합니다.','01:00~23:00','01:00~23:00','평소 먹는 펫푸드/간식, 산책용품(여유분은 있음), 좋아하는 장난감 등','심한 하우링, 물거나 공격적인 아이, 물건 등을 심하게 뜯는 아이',35000,3500,45000,4500,'국민','213-3213-123456','또치');
Insert into TBL_PET_SITTER (PET_MEMBER_NO,PET_REGIST_DATE,PET_STAT,PET_TITLE,PET_INTRODUCE,PET_PLACE,PET_CARE_COUNT,PET_BABY_YN,PET_PENCE,PET_MYPET_YN,PET_SMOK_YN,PET_CARE_SIZE,PET_CARE_AGE,PET_CHECKIN,PET_CHECKOUT,PET_REQUEST,PET_IMPOSSIBLE,PET_M_DAY_PAY,PET_M_TIME_PAY,PET_L_DAY_PAY,PET_L_TIME_PAY,PET_BANK,PET_BANK_NO,PET_BANK_NAME) values (8,'2023년 10월 18일 20시 15분 49초','승인','슬개골 걱정 No, 햇살 가득한 거실, 도보 1분 상쾌한 산책로','안녕하세요. 25년 이상 강아지와 함께하고 있는 반려행동교정과 입학 예정자입니다.

어릴 때부터 반려견과 함께 자라 강아지 돌봄이나 교육에는 자신이 있습니다.
주변 친구 및 온라인 커뮤니티 통해 펫시터로 꾸준히 활동해왔고 유기견 임보도 했습니다.
... 그러다 보니 강아지도 사람처럼 성격과 성향이 다르다는 걸 알게 되었고 반려동물 심리 및 행동 교정에 관해 공부를 많이 하였습니다.

이렇게 모든 생명의 고귀함을 가슴에 새기고 매순간 정성을 다해 돌보겠습니다.
감사합니다.','빌라',1,'N','Y','Y','N','15kg 미만 가능합니다.','강아지, 성견, 노령견 모두 가능합니다.','10:00~12:00','14:00~16:00','평소 먹는 사료/간식, 산책용품(목줄, 인식표), 마킹할 경우 매너밸트 등','전염성 질환이 있는 아이 등',35000,3500,40000,4000,'국민','213-3213-123456','마이콜');
Insert into TBL_PET_SITTER (PET_MEMBER_NO,PET_REGIST_DATE,PET_STAT,PET_TITLE,PET_INTRODUCE,PET_PLACE,PET_CARE_COUNT,PET_BABY_YN,PET_PENCE,PET_MYPET_YN,PET_SMOK_YN,PET_CARE_SIZE,PET_CARE_AGE,PET_CHECKIN,PET_CHECKOUT,PET_REQUEST,PET_IMPOSSIBLE,PET_M_DAY_PAY,PET_M_TIME_PAY,PET_L_DAY_PAY,PET_L_TIME_PAY,PET_BANK,PET_BANK_NO,PET_BANK_NAME) values (9,'2023년 10월 18일 20시 22분 05초','승인','쾌적하고 따듯한 분위기에서 제 반려견처럼 케어하겠습니다.','안녕하세요~^^ 반려견 킁킁이와 4년째 함께하고 있는 보호자입니다.

킁킁이처럼 사랑스러운 아이들을 함께 케어하며 정서적 교감을 쌓고 싶어서 펫시팅에 하게 되었어요!
저는 현재 반려동물관리사 자격증을 취득해 활동하고 있습니다.
... 파양견 출신의 산책도 할 줄 모르던 쫄보 강아지 킁킁이를
산책에 환장하는 건강한 아이로 반려하고 있는 만큼 책임감있게 다른 아이들도 케어하겠습니다.

집 근처 산책로는 수영강변과 광안리가 있구요.
산책로가 길게 이어져 있는만큼 평소 산책 시간은 1시간에서 1시간 30분정도 소요됩니다.','오피스텔',3,'N','Y','Y','N','1~3.5kg까지 가능합니다.','예방 접종 맞은 강아지 ~ 만 8세 이하 가능합니다.','10:00~23:00','11:00~23:00','평소 먹는 펫푸드/간식, 애착장난감, 방석, 산책 리드줄','입질이 있거나 공격성이 있는 아이/ 배변훈련이 안되어 있는 아이',30000,3000,40000,4000,'국민','213-3213-123456','고길동');
Insert into TBL_PET_SITTER (PET_MEMBER_NO,PET_REGIST_DATE,PET_STAT,PET_TITLE,PET_INTRODUCE,PET_PLACE,PET_CARE_COUNT,PET_BABY_YN,PET_PENCE,PET_MYPET_YN,PET_SMOK_YN,PET_CARE_SIZE,PET_CARE_AGE,PET_CHECKIN,PET_CHECKOUT,PET_REQUEST,PET_IMPOSSIBLE,PET_M_DAY_PAY,PET_M_TIME_PAY,PET_L_DAY_PAY,PET_L_TIME_PAY,PET_BANK,PET_BANK_NO,PET_BANK_NAME) values (10,'2023년 10월 18일 20시 29분 58초','승인','마당있는 집!! 강아지가 뛰어 노는 곳!!! ','안녕하세요!
마당이 있어서 강아지가 자유롭게 뛰어놀 수 있는 집입니다.
산책 후 발도 잘 닦일 수 있어요!
맡겨주세요!!!','주택',2,'N','Y','N','N','중형','5살','09:00','18:00','간식, 인형 챙겨주세요! 약도 챙겨주세요!','물면 안돼요',40000,4000,60000,6000,'국민','131321561321','하하');


commit;

-- 펫시터예약일자 테이블 정보 추가
Insert into TBL_SITTER_SCHEDULE (PET_MEMBER_RES_NO,PET_MEMBER_REG_DAY,PET_MEMBER_STATUS,PET_MEMBER_NO) values (SEQ_TBL_SITTER_SCHEDULE_NO.nextval,'2023-10-30','예약불가',5);
Insert into TBL_SITTER_SCHEDULE (PET_MEMBER_RES_NO,PET_MEMBER_REG_DAY,PET_MEMBER_STATUS,PET_MEMBER_NO) values (SEQ_TBL_SITTER_SCHEDULE_NO.nextval,'2023-10-23','예약불가',5);
Insert into TBL_SITTER_SCHEDULE (PET_MEMBER_RES_NO,PET_MEMBER_REG_DAY,PET_MEMBER_STATUS,PET_MEMBER_NO) values (SEQ_TBL_SITTER_SCHEDULE_NO.nextval,'2023-10-26','예약불가',6);
Insert into TBL_SITTER_SCHEDULE (PET_MEMBER_RES_NO,PET_MEMBER_REG_DAY,PET_MEMBER_STATUS,PET_MEMBER_NO) values (SEQ_TBL_SITTER_SCHEDULE_NO.nextval,'2023-10-27','예약불가',6);
Insert into TBL_SITTER_SCHEDULE (PET_MEMBER_RES_NO,PET_MEMBER_REG_DAY,PET_MEMBER_STATUS,PET_MEMBER_NO) values (SEQ_TBL_SITTER_SCHEDULE_NO.nextval,'2023-10-30','예약불가',7);
Insert into TBL_SITTER_SCHEDULE (PET_MEMBER_RES_NO,PET_MEMBER_REG_DAY,PET_MEMBER_STATUS,PET_MEMBER_NO) values (SEQ_TBL_SITTER_SCHEDULE_NO.nextval,'2023-10-29','예약불가',7);
Insert into TBL_SITTER_SCHEDULE (PET_MEMBER_RES_NO,PET_MEMBER_REG_DAY,PET_MEMBER_STATUS,PET_MEMBER_NO) values (SEQ_TBL_SITTER_SCHEDULE_NO.nextval,'2023-10-22','예약불가',7);
Insert into TBL_SITTER_SCHEDULE (PET_MEMBER_RES_NO,PET_MEMBER_REG_DAY,PET_MEMBER_STATUS,PET_MEMBER_NO) values (SEQ_TBL_SITTER_SCHEDULE_NO.nextval,'2023-10-23','예약불가',7);
Insert into TBL_SITTER_SCHEDULE (PET_MEMBER_RES_NO,PET_MEMBER_REG_DAY,PET_MEMBER_STATUS,PET_MEMBER_NO) values (SEQ_TBL_SITTER_SCHEDULE_NO.nextval,'2023-10-30','예약불가',8);
Insert into TBL_SITTER_SCHEDULE (PET_MEMBER_RES_NO,PET_MEMBER_REG_DAY,PET_MEMBER_STATUS,PET_MEMBER_NO) values (SEQ_TBL_SITTER_SCHEDULE_NO.nextval,'2023-10-26','예약불가',8);
Insert into TBL_SITTER_SCHEDULE (PET_MEMBER_RES_NO,PET_MEMBER_REG_DAY,PET_MEMBER_STATUS,PET_MEMBER_NO) values (SEQ_TBL_SITTER_SCHEDULE_NO.nextval,'2023-10-28','예약불가',8);
Insert into TBL_SITTER_SCHEDULE (PET_MEMBER_RES_NO,PET_MEMBER_REG_DAY,PET_MEMBER_STATUS,PET_MEMBER_NO) values (SEQ_TBL_SITTER_SCHEDULE_NO.nextval,'2023-10-30','예약불가',9);
Insert into TBL_SITTER_SCHEDULE (PET_MEMBER_RES_NO,PET_MEMBER_REG_DAY,PET_MEMBER_STATUS,PET_MEMBER_NO) values (SEQ_TBL_SITTER_SCHEDULE_NO.nextval,'2023-10-31','예약불가',9);
Insert into TBL_SITTER_SCHEDULE (PET_MEMBER_RES_NO,PET_MEMBER_REG_DAY,PET_MEMBER_STATUS,PET_MEMBER_NO) values (SEQ_TBL_SITTER_SCHEDULE_NO.nextval,'2023-10-24','예약불가',9);
Insert into TBL_SITTER_SCHEDULE (PET_MEMBER_RES_NO,PET_MEMBER_REG_DAY,PET_MEMBER_STATUS,PET_MEMBER_NO) values (SEQ_TBL_SITTER_SCHEDULE_NO.nextval,'2023-10-23','예약불가',9);
Insert into TBL_SITTER_SCHEDULE (PET_MEMBER_RES_NO,PET_MEMBER_REG_DAY,PET_MEMBER_STATUS,PET_MEMBER_NO) values (SEQ_TBL_SITTER_SCHEDULE_NO.nextval,'2023-10-27','예약불가',9);
Insert into TBL_SITTER_SCHEDULE (PET_MEMBER_RES_NO,PET_MEMBER_REG_DAY,PET_MEMBER_STATUS,PET_MEMBER_NO) values (SEQ_TBL_SITTER_SCHEDULE_NO.nextval,'2023-10-26','예약불가',9);
Insert into TBL_SITTER_SCHEDULE (PET_MEMBER_RES_NO,PET_MEMBER_REG_DAY,PET_MEMBER_STATUS,PET_MEMBER_NO) values (SEQ_TBL_SITTER_SCHEDULE_NO.nextval,'2023-10-21','예약불가',10);
Insert into TBL_SITTER_SCHEDULE (PET_MEMBER_RES_NO,PET_MEMBER_REG_DAY,PET_MEMBER_STATUS,PET_MEMBER_NO) values (SEQ_TBL_SITTER_SCHEDULE_NO.nextval,'2023-10-22','예약불가',10);
Insert into TBL_SITTER_SCHEDULE (PET_MEMBER_RES_NO,PET_MEMBER_REG_DAY,PET_MEMBER_STATUS,PET_MEMBER_NO) values (SEQ_TBL_SITTER_SCHEDULE_NO.nextval,'2023-10-28','예약불가',10);
Insert into TBL_SITTER_SCHEDULE (PET_MEMBER_RES_NO,PET_MEMBER_REG_DAY,PET_MEMBER_STATUS,PET_MEMBER_NO) values (SEQ_TBL_SITTER_SCHEDULE_NO.nextval,'2023-10-29','예약불가',10);

commit;



-- 첨부파일 테이블 정보 추가
-- 펫시터 프로필 쪽 --
Insert into TBL_FILE (FILE_NO,FILE_ORI_NAME,FILE_SAVE_NAME,FILE_EXT_NAME,FILE_PATH_NAME,FILE_T_PATH_NAME,FILE_TYPE,PET_NO,BOARD_NO,REV_NO,MEMBER_NO,PET_MEMBER_NO) values (SEQ_TBL_FILE_NO.nextval,'sitter_test3-1.png','0_img_57c4b314-08c3-415d-b2f9-95f78c52d8f1.png','.png','/upload/original/','/upload/thumbnail/thumbnail_0_img_57c4b314-08c3-415d-b2f9-95f78c52d8f1.png','MainImg',0,0,0,5,5);
Insert into TBL_FILE (FILE_NO,FILE_ORI_NAME,FILE_SAVE_NAME,FILE_EXT_NAME,FILE_PATH_NAME,FILE_T_PATH_NAME,FILE_TYPE,PET_NO,BOARD_NO,REV_NO,MEMBER_NO,PET_MEMBER_NO) values (SEQ_TBL_FILE_NO.nextval,'sitter_test3-2.png','1_img_77803cf9-fb8a-42b4-879c-159e52ecc35b.png','.png','/upload/original/','No','SubImg',0,0,0,5,5);
Insert into TBL_FILE (FILE_NO,FILE_ORI_NAME,FILE_SAVE_NAME,FILE_EXT_NAME,FILE_PATH_NAME,FILE_T_PATH_NAME,FILE_TYPE,PET_NO,BOARD_NO,REV_NO,MEMBER_NO,PET_MEMBER_NO) values (SEQ_TBL_FILE_NO.nextval,'sitter_test3-3.png','2_img_eb084b4f-469c-48c1-9a85-5f8c39c6b549.png','.png','/upload/original/','No','SubImg',0,0,0,5,5);
Insert into TBL_FILE (FILE_NO,FILE_ORI_NAME,FILE_SAVE_NAME,FILE_EXT_NAME,FILE_PATH_NAME,FILE_T_PATH_NAME,FILE_TYPE,PET_NO,BOARD_NO,REV_NO,MEMBER_NO,PET_MEMBER_NO) values (SEQ_TBL_FILE_NO.nextval,'sitter_test3-4.png','3_img_63214ee2-2c48-483d-9c01-9961e2f3c534.png','.png','/upload/original/','No','SubImg',0,0,0,5,5);
Insert into TBL_FILE (FILE_NO,FILE_ORI_NAME,FILE_SAVE_NAME,FILE_EXT_NAME,FILE_PATH_NAME,FILE_T_PATH_NAME,FILE_TYPE,PET_NO,BOARD_NO,REV_NO,MEMBER_NO,PET_MEMBER_NO) values (SEQ_TBL_FILE_NO.nextval,'sitter_test3-5.png','4_img_35fe293b-2c87-4947-9cbf-4bf247658aa4.png','.png','/upload/original/','No','SubImg',0,0,0,5,5);
Insert into TBL_FILE (FILE_NO,FILE_ORI_NAME,FILE_SAVE_NAME,FILE_EXT_NAME,FILE_PATH_NAME,FILE_T_PATH_NAME,FILE_TYPE,PET_NO,BOARD_NO,REV_NO,MEMBER_NO,PET_MEMBER_NO) values (SEQ_TBL_FILE_NO.nextval,'sitter_test3-6.png','5_img_b78c91d8-4cd1-4adb-a03c-4f56c7be33ad.png','.png','/upload/original/','No','SubImg',0,0,0,5,5);
Insert into TBL_FILE (FILE_NO,FILE_ORI_NAME,FILE_SAVE_NAME,FILE_EXT_NAME,FILE_PATH_NAME,FILE_T_PATH_NAME,FILE_TYPE,PET_NO,BOARD_NO,REV_NO,MEMBER_NO,PET_MEMBER_NO) values (SEQ_TBL_FILE_NO.nextval,'sitter_test5-1.jpeg','0_img_095a7a75-92fb-43fd-aba7-443ba66cff73.jpeg','.jpeg','/upload/original/','/upload/thumbnail/thumbnail_0_img_095a7a75-92fb-43fd-aba7-443ba66cff73.jpeg','MainImg',0,0,0,6,6);
Insert into TBL_FILE (FILE_NO,FILE_ORI_NAME,FILE_SAVE_NAME,FILE_EXT_NAME,FILE_PATH_NAME,FILE_T_PATH_NAME,FILE_TYPE,PET_NO,BOARD_NO,REV_NO,MEMBER_NO,PET_MEMBER_NO) values (SEQ_TBL_FILE_NO.nextval,'sitter_test5-2.jpeg','1_img_e7d013f1-9ff8-4a23-a68e-caabf1d89395.jpeg','.jpeg','/upload/original/','No','SubImg',0,0,0,6,6);
Insert into TBL_FILE (FILE_NO,FILE_ORI_NAME,FILE_SAVE_NAME,FILE_EXT_NAME,FILE_PATH_NAME,FILE_T_PATH_NAME,FILE_TYPE,PET_NO,BOARD_NO,REV_NO,MEMBER_NO,PET_MEMBER_NO) values (SEQ_TBL_FILE_NO.nextval,'sitter_test5-3.jpeg','2_img_1c1761bb-2755-449c-8562-d8e8584822c4.jpeg','.jpeg','/upload/original/','No','SubImg',0,0,0,6,6);
Insert into TBL_FILE (FILE_NO,FILE_ORI_NAME,FILE_SAVE_NAME,FILE_EXT_NAME,FILE_PATH_NAME,FILE_T_PATH_NAME,FILE_TYPE,PET_NO,BOARD_NO,REV_NO,MEMBER_NO,PET_MEMBER_NO) values (SEQ_TBL_FILE_NO.nextval,'sitter_test5-4.jpeg','3_img_94b48162-3b9f-4eba-a90d-9ff5af77ba9b.jpeg','.jpeg','/upload/original/','No','SubImg',0,0,0,6,6);
Insert into TBL_FILE (FILE_NO,FILE_ORI_NAME,FILE_SAVE_NAME,FILE_EXT_NAME,FILE_PATH_NAME,FILE_T_PATH_NAME,FILE_TYPE,PET_NO,BOARD_NO,REV_NO,MEMBER_NO,PET_MEMBER_NO) values (SEQ_TBL_FILE_NO.nextval,'sitter_test5-5.jpeg','4_img_970c74c0-2cdb-45ff-ad4d-36047946da70.jpeg','.jpeg','/upload/original/','No','SubImg',0,0,0,6,6);
Insert into TBL_FILE (FILE_NO,FILE_ORI_NAME,FILE_SAVE_NAME,FILE_EXT_NAME,FILE_PATH_NAME,FILE_T_PATH_NAME,FILE_TYPE,PET_NO,BOARD_NO,REV_NO,MEMBER_NO,PET_MEMBER_NO) values (SEQ_TBL_FILE_NO.nextval,'sitter_test5-6.jpeg','5_img_f928d068-90ed-419c-a86c-38e0370bd170.jpeg','.jpeg','/upload/original/','No','SubImg',0,0,0,6,6);
Insert into TBL_FILE (FILE_NO,FILE_ORI_NAME,FILE_SAVE_NAME,FILE_EXT_NAME,FILE_PATH_NAME,FILE_T_PATH_NAME,FILE_TYPE,PET_NO,BOARD_NO,REV_NO,MEMBER_NO,PET_MEMBER_NO) values (SEQ_TBL_FILE_NO.nextval,'sitter_test4-1.jpg','0_img_2ae9a219-ae9c-4711-8698-05b275de1a54.jpg','.jpg','/upload/original/','/upload/thumbnail/thumbnail_0_img_2ae9a219-ae9c-4711-8698-05b275de1a54.jpg','MainImg',0,0,0,7,7);
Insert into TBL_FILE (FILE_NO,FILE_ORI_NAME,FILE_SAVE_NAME,FILE_EXT_NAME,FILE_PATH_NAME,FILE_T_PATH_NAME,FILE_TYPE,PET_NO,BOARD_NO,REV_NO,MEMBER_NO,PET_MEMBER_NO) values (SEQ_TBL_FILE_NO.nextval,'sitter_test4-2.jpg','1_img_47243a9d-d026-4e13-aff7-46c620fb16cf.jpg','.jpg','/upload/original/','No','SubImg',0,0,0,7,7);
Insert into TBL_FILE (FILE_NO,FILE_ORI_NAME,FILE_SAVE_NAME,FILE_EXT_NAME,FILE_PATH_NAME,FILE_T_PATH_NAME,FILE_TYPE,PET_NO,BOARD_NO,REV_NO,MEMBER_NO,PET_MEMBER_NO) values (SEQ_TBL_FILE_NO.nextval,'sitter_test4-3.jpg','2_img_bbb8487a-41c1-4425-a463-85f9f3ed4a08.jpg','.jpg','/upload/original/','No','SubImg',0,0,0,7,7);
Insert into TBL_FILE (FILE_NO,FILE_ORI_NAME,FILE_SAVE_NAME,FILE_EXT_NAME,FILE_PATH_NAME,FILE_T_PATH_NAME,FILE_TYPE,PET_NO,BOARD_NO,REV_NO,MEMBER_NO,PET_MEMBER_NO) values (SEQ_TBL_FILE_NO.nextval,'sitter_test4-4.jpg','3_img_7b88390e-9d60-4c03-a78c-243824bc277a.jpg','.jpg','/upload/original/','No','SubImg',0,0,0,7,7);
Insert into TBL_FILE (FILE_NO,FILE_ORI_NAME,FILE_SAVE_NAME,FILE_EXT_NAME,FILE_PATH_NAME,FILE_T_PATH_NAME,FILE_TYPE,PET_NO,BOARD_NO,REV_NO,MEMBER_NO,PET_MEMBER_NO) values (SEQ_TBL_FILE_NO.nextval,'sitter_test2-1.jpeg','0_img_c993aaff-159b-4bd4-8041-baf18ecac7db.jpeg','.jpeg','/upload/original/','/upload/thumbnail/thumbnail_0_img_c993aaff-159b-4bd4-8041-baf18ecac7db.jpeg','MainImg',0,0,0,8,8);
Insert into TBL_FILE (FILE_NO,FILE_ORI_NAME,FILE_SAVE_NAME,FILE_EXT_NAME,FILE_PATH_NAME,FILE_T_PATH_NAME,FILE_TYPE,PET_NO,BOARD_NO,REV_NO,MEMBER_NO,PET_MEMBER_NO) values (SEQ_TBL_FILE_NO.nextval,'sitter_test2-2.jpeg','1_img_742cb616-2f75-40f0-a18f-70a16988d2f6.jpeg','.jpeg','/upload/original/','No','SubImg',0,0,0,8,8);
Insert into TBL_FILE (FILE_NO,FILE_ORI_NAME,FILE_SAVE_NAME,FILE_EXT_NAME,FILE_PATH_NAME,FILE_T_PATH_NAME,FILE_TYPE,PET_NO,BOARD_NO,REV_NO,MEMBER_NO,PET_MEMBER_NO) values (SEQ_TBL_FILE_NO.nextval,'sitter_test2-3.jpeg','2_img_d01e9fe4-7f1a-485b-95b9-9aa7352e5708.jpeg','.jpeg','/upload/original/','No','SubImg',0,0,0,8,8);
Insert into TBL_FILE (FILE_NO,FILE_ORI_NAME,FILE_SAVE_NAME,FILE_EXT_NAME,FILE_PATH_NAME,FILE_T_PATH_NAME,FILE_TYPE,PET_NO,BOARD_NO,REV_NO,MEMBER_NO,PET_MEMBER_NO) values (SEQ_TBL_FILE_NO.nextval,'sitter_test2-4.jpeg','3_img_55516076-1e47-49d9-86ee-e7166f3b137f.jpeg','.jpeg','/upload/original/','No','SubImg',0,0,0,8,8);
Insert into TBL_FILE (FILE_NO,FILE_ORI_NAME,FILE_SAVE_NAME,FILE_EXT_NAME,FILE_PATH_NAME,FILE_T_PATH_NAME,FILE_TYPE,PET_NO,BOARD_NO,REV_NO,MEMBER_NO,PET_MEMBER_NO) values (SEQ_TBL_FILE_NO.nextval,'sitter_test2-5.jpeg','4_img_9cc053ef-bbd6-466e-ad09-66f22a9b8a01.jpeg','.jpeg','/upload/original/','No','SubImg',0,0,0,8,8);
Insert into TBL_FILE (FILE_NO,FILE_ORI_NAME,FILE_SAVE_NAME,FILE_EXT_NAME,FILE_PATH_NAME,FILE_T_PATH_NAME,FILE_TYPE,PET_NO,BOARD_NO,REV_NO,MEMBER_NO,PET_MEMBER_NO) values (SEQ_TBL_FILE_NO.nextval,'sitter_test2-6.jpeg','5_img_1de1961f-a2c9-41f8-9c23-c92a7880f3d4.jpeg','.jpeg','/upload/original/','No','SubImg',0,0,0,8,8);
Insert into TBL_FILE (FILE_NO,FILE_ORI_NAME,FILE_SAVE_NAME,FILE_EXT_NAME,FILE_PATH_NAME,FILE_T_PATH_NAME,FILE_TYPE,PET_NO,BOARD_NO,REV_NO,MEMBER_NO,PET_MEMBER_NO) values (SEQ_TBL_FILE_NO.nextval,'sitter_test1-1.jpg','0_img_ee126b56-9ea5-445d-be09-12772f49ebb8.jpg','.jpg','/upload/original/','/upload/thumbnail/thumbnail_0_img_ee126b56-9ea5-445d-be09-12772f49ebb8.jpg','MainImg',0,0,0,9,9);
Insert into TBL_FILE (FILE_NO,FILE_ORI_NAME,FILE_SAVE_NAME,FILE_EXT_NAME,FILE_PATH_NAME,FILE_T_PATH_NAME,FILE_TYPE,PET_NO,BOARD_NO,REV_NO,MEMBER_NO,PET_MEMBER_NO) values (SEQ_TBL_FILE_NO.nextval,'sitter_test1-2.jpg','1_img_abef2d40-491a-4ce7-b1e7-d786a049d001.jpg','.jpg','/upload/original/','No','SubImg',0,0,0,9,9);
Insert into TBL_FILE (FILE_NO,FILE_ORI_NAME,FILE_SAVE_NAME,FILE_EXT_NAME,FILE_PATH_NAME,FILE_T_PATH_NAME,FILE_TYPE,PET_NO,BOARD_NO,REV_NO,MEMBER_NO,PET_MEMBER_NO) values (SEQ_TBL_FILE_NO.nextval,'sitter_test1-3.jpg','2_img_2a624a9c-d8a2-4916-a00c-cc65864d3f97.jpg','.jpg','/upload/original/','No','SubImg',0,0,0,9,9);
Insert into TBL_FILE (FILE_NO,FILE_ORI_NAME,FILE_SAVE_NAME,FILE_EXT_NAME,FILE_PATH_NAME,FILE_T_PATH_NAME,FILE_TYPE,PET_NO,BOARD_NO,REV_NO,MEMBER_NO,PET_MEMBER_NO) values (SEQ_TBL_FILE_NO.nextval,'sitter_test1-4.jpg','3_img_6ecb28c8-07d8-4bdd-a814-6476cd8d936a.jpg','.jpg','/upload/original/','No','SubImg',0,0,0,9,9);
Insert into TBL_FILE (FILE_NO,FILE_ORI_NAME,FILE_SAVE_NAME,FILE_EXT_NAME,FILE_PATH_NAME,FILE_T_PATH_NAME,FILE_TYPE,PET_NO,BOARD_NO,REV_NO,MEMBER_NO,PET_MEMBER_NO) values (SEQ_TBL_FILE_NO.nextval,'sitter_test3-3.png','0_img_e057f031-b89e-495c-85e6-2769d8933e1f.png','.png','/upload/original/','/upload/thumbnail/thumbnail_0_img_e057f031-b89e-495c-85e6-2769d8933e1f.png','MainImg',0,0,0,10,10);
Insert into TBL_FILE (FILE_NO,FILE_ORI_NAME,FILE_SAVE_NAME,FILE_EXT_NAME,FILE_PATH_NAME,FILE_T_PATH_NAME,FILE_TYPE,PET_NO,BOARD_NO,REV_NO,MEMBER_NO,PET_MEMBER_NO) values (SEQ_TBL_FILE_NO.nextval,'sitter_test2-1.jpeg','1_img_ddbb35bd-b2b0-45e7-ad17-b0b09f02f7c0.jpeg','.jpeg','/upload/original/','No','SubImg',0,0,0,10,10);
Insert into TBL_FILE (FILE_NO,FILE_ORI_NAME,FILE_SAVE_NAME,FILE_EXT_NAME,FILE_PATH_NAME,FILE_T_PATH_NAME,FILE_TYPE,PET_NO,BOARD_NO,REV_NO,MEMBER_NO,PET_MEMBER_NO) values (SEQ_TBL_FILE_NO.nextval,'sitter_test3-2.png','2_img_f6243b0d-106f-4159-9836-85b25e889802.png','.png','/upload/original/','No','SubImg',0,0,0,10,10);
-- 펫시터 프로필 쪽 --

-- 반려동물 프로필
Insert into TBL_FILE (FILE_NO,FILE_ORI_NAME,FILE_SAVE_NAME,FILE_EXT_NAME,FILE_PATH_NAME,FILE_T_PATH_NAME,FILE_TYPE,PET_NO,BOARD_NO,REV_NO,MEMBER_NO,PET_MEMBER_NO)
values (SEQ_TBL_FILE_NO.nextval,'비글1.jpg','7ab0ddb5-4b46-403e-b22c-b6fb42866e4b.jpg','.jpg','/upload/original/','/upload/thumbnail/thumbnail_7ab0ddb5-4b46-403e-b22c-b6fb42866e4b.jpg','MainImg',1,0,0,2,0);
Insert into TBL_FILE (FILE_NO,FILE_ORI_NAME,FILE_SAVE_NAME,FILE_EXT_NAME,FILE_PATH_NAME,FILE_T_PATH_NAME,FILE_TYPE,PET_NO,BOARD_NO,REV_NO,MEMBER_NO,PET_MEMBER_NO)
values (SEQ_TBL_FILE_NO.nextval,'비글2.jpg','1eea8682-01e8-459a-bf88-54e6afbdf4f9.jpg','.jpg','/upload/original/','No','SubImg',1,0,0,2,0);
Insert into TBL_FILE (FILE_NO,FILE_ORI_NAME,FILE_SAVE_NAME,FILE_EXT_NAME,FILE_PATH_NAME,FILE_T_PATH_NAME,FILE_TYPE,PET_NO,BOARD_NO,REV_NO,MEMBER_NO,PET_MEMBER_NO)
values (SEQ_TBL_FILE_NO.nextval,'ayush-madikunt-j1nAPmahzSA-unsplash.jpg','79a1bf98-8f58-4e2c-b331-4eb43ccf47c0.jpg','.jpg','/upload/original/','/upload/thumbnail/thumbnail_79a1bf98-8f58-4e2c-b331-4eb43ccf47c0.jpg','MainImg',2,0,0,2,0);
Insert into TBL_FILE (FILE_NO,FILE_ORI_NAME,FILE_SAVE_NAME,FILE_EXT_NAME,FILE_PATH_NAME,FILE_T_PATH_NAME,FILE_TYPE,PET_NO,BOARD_NO,REV_NO,MEMBER_NO,PET_MEMBER_NO)
values (SEQ_TBL_FILE_NO.nextval,'nataliia-kvitovska-t64RjBExKCQ-unsplash.jpg','e0954f32-1533-42eb-8b96-2e285d5e38f1.jpg','.jpg','/upload/original/','No','SubImg',2,0,0,2,0);
Insert into TBL_FILE (FILE_NO,FILE_ORI_NAME,FILE_SAVE_NAME,FILE_EXT_NAME,FILE_PATH_NAME,FILE_T_PATH_NAME,FILE_TYPE,PET_NO,BOARD_NO,REV_NO,MEMBER_NO,PET_MEMBER_NO)
values (SEQ_TBL_FILE_NO.nextval,'KakaoTalk_20231018_114233466.jpg','d1e9f82f-3e17-49df-87aa-91843a2a9bea.jpg','.jpg','/upload/original/','/upload/thumbnail/thumbnail_d1e9f82f-3e17-49df-87aa-91843a2a9bea.jpg','MainImg',3,0,0,3,0);
Insert into TBL_FILE (FILE_NO,FILE_ORI_NAME,FILE_SAVE_NAME,FILE_EXT_NAME,FILE_PATH_NAME,FILE_T_PATH_NAME,FILE_TYPE,PET_NO,BOARD_NO,REV_NO,MEMBER_NO,PET_MEMBER_NO)
values (SEQ_TBL_FILE_NO.nextval,'KakaoTalk_20231018_114233466_01.jpg','e13cd4cd-7207-4a09-8784-d57feffb471b.jpg','.jpg','/upload/original/','No','SubImg',3,0,0,3,0);
Insert into TBL_FILE (FILE_NO,FILE_ORI_NAME,FILE_SAVE_NAME,FILE_EXT_NAME,FILE_PATH_NAME,FILE_T_PATH_NAME,FILE_TYPE,PET_NO,BOARD_NO,REV_NO,MEMBER_NO,PET_MEMBER_NO)
values (SEQ_TBL_FILE_NO.nextval,'KakaoTalk_20231018_114233466_02.jpg','0a293fac-fcad-4759-85d5-d061d41e4849.jpg','.jpg','/upload/original/','No','SubImg',3,0,0,3,0);
Insert into TBL_FILE (FILE_NO,FILE_ORI_NAME,FILE_SAVE_NAME,FILE_EXT_NAME,FILE_PATH_NAME,FILE_T_PATH_NAME,FILE_TYPE,PET_NO,BOARD_NO,REV_NO,MEMBER_NO,PET_MEMBER_NO)
values (SEQ_TBL_FILE_NO.nextval,'비글1.jpg','2a176acf-7bfe-4943-940c-fd0fe8a80a19.jpg','.jpg','/upload/original/','/upload/thumbnail/thumbnail_2a176acf-7bfe-4943-940c-fd0fe8a80a19.jpg','MainImg',4,0,0,3,0);
Insert into TBL_FILE (FILE_NO,FILE_ORI_NAME,FILE_SAVE_NAME,FILE_EXT_NAME,FILE_PATH_NAME,FILE_T_PATH_NAME,FILE_TYPE,PET_NO,BOARD_NO,REV_NO,MEMBER_NO,PET_MEMBER_NO)
values (SEQ_TBL_FILE_NO.nextval,'비글2.jpg','63f42552-29c9-4eee-93ae-334b654617a9.jpg','.jpg','/upload/original/','No','SubImg',4,0,0,3,0);
Insert into TBL_FILE (FILE_NO,FILE_ORI_NAME,FILE_SAVE_NAME,FILE_EXT_NAME,FILE_PATH_NAME,FILE_T_PATH_NAME,FILE_TYPE,PET_NO,BOARD_NO,REV_NO,MEMBER_NO,PET_MEMBER_NO)
values (SEQ_TBL_FILE_NO.nextval,'karsten-winegeart-7vhqnO-sT88-unsplash.jpg','38af5589-65de-4134-850f-633972b09e00.jpg','.jpg','/upload/original/','/upload/thumbnail/thumbnail_38af5589-65de-4134-850f-633972b09e00.jpg','MainImg',5,0,0,5,0);
Insert into TBL_FILE (FILE_NO,FILE_ORI_NAME,FILE_SAVE_NAME,FILE_EXT_NAME,FILE_PATH_NAME,FILE_T_PATH_NAME,FILE_TYPE,PET_NO,BOARD_NO,REV_NO,MEMBER_NO,PET_MEMBER_NO)
values (SEQ_TBL_FILE_NO.nextval,'alexandru-sofronie-jVOkrxUSzAQ-unsplash.jpg','a9fc84ec-0a1c-4384-ac16-5ffb9c625c25.jpg','.jpg','/upload/original/','No','SubImg',5,0,0,5,0);
Insert into TBL_FILE (FILE_NO,FILE_ORI_NAME,FILE_SAVE_NAME,FILE_EXT_NAME,FILE_PATH_NAME,FILE_T_PATH_NAME,FILE_TYPE,PET_NO,BOARD_NO,REV_NO,MEMBER_NO,PET_MEMBER_NO)
values (SEQ_TBL_FILE_NO.nextval,'richard-burlton-HTpmedSyZag-unsplash.jpg','45431338-94a3-4712-9095-887a10266188.jpg','.jpg','/upload/original/','/upload/thumbnail/thumbnail_45431338-94a3-4712-9095-887a10266188.jpg','MainImg',6,0,0,4,0);
Insert into TBL_FILE (FILE_NO,FILE_ORI_NAME,FILE_SAVE_NAME,FILE_EXT_NAME,FILE_PATH_NAME,FILE_T_PATH_NAME,FILE_TYPE,PET_NO,BOARD_NO,REV_NO,MEMBER_NO,PET_MEMBER_NO)
values (SEQ_TBL_FILE_NO.nextval,'mitchell-luo-f0Y_FDt0xJo-unsplash.jpg','f53b6e28-7813-4eb2-86d8-c8509860ec97.jpg','.jpg','/upload/original/','No','SubImg',6,0,0,4,0);
Insert into TBL_FILE (FILE_NO,FILE_ORI_NAME,FILE_SAVE_NAME,FILE_EXT_NAME,FILE_PATH_NAME,FILE_T_PATH_NAME,FILE_TYPE,PET_NO,BOARD_NO,REV_NO,MEMBER_NO,PET_MEMBER_NO)
values (SEQ_TBL_FILE_NO.nextval,'petTest1.jpg','e950663e-2bc7-45ca-8494-f8bc22ace13c.jpg','.jpg','/upload/original/','/upload/thumbnail/thumbnail_e950663e-2bc7-45ca-8494-f8bc22ace13c.jpg','MainImg',7,0,0,6,0);
Insert into TBL_FILE (FILE_NO,FILE_ORI_NAME,FILE_SAVE_NAME,FILE_EXT_NAME,FILE_PATH_NAME,FILE_T_PATH_NAME,FILE_TYPE,PET_NO,BOARD_NO,REV_NO,MEMBER_NO,PET_MEMBER_NO)
values (SEQ_TBL_FILE_NO.nextval,'flouffy-5QMmLrR_oVw-unsplash.jpg','8340821f-388d-4bad-a4e9-04053f6e95c8.jpg','.jpg','/upload/original/','No','SubImg',7,0,0,6,0);
Insert into TBL_FILE (FILE_NO,FILE_ORI_NAME,FILE_SAVE_NAME,FILE_EXT_NAME,FILE_PATH_NAME,FILE_T_PATH_NAME,FILE_TYPE,PET_NO,BOARD_NO,REV_NO,MEMBER_NO,PET_MEMBER_NO)
values (SEQ_TBL_FILE_NO.nextval,'alondra-pavon-Dqc126MQsXY-unsplash.jpg','16baa188-4c6b-48c8-b0d0-5d483c926963.jpg','.jpg','/upload/original/','/upload/thumbnail/thumbnail_16baa188-4c6b-48c8-b0d0-5d483c926963.jpg','MainImg',8,0,0,7,0);
Insert into TBL_FILE (FILE_NO,FILE_ORI_NAME,FILE_SAVE_NAME,FILE_EXT_NAME,FILE_PATH_NAME,FILE_T_PATH_NAME,FILE_TYPE,PET_NO,BOARD_NO,REV_NO,MEMBER_NO,PET_MEMBER_NO)
values (SEQ_TBL_FILE_NO.nextval,'david-vives-ASZX50HNskE-unsplash.jpg','eaafa3d9-9a7b-4689-8789-d89f40a2b96c.jpg','.jpg','/upload/original/','No','SubImg',8,0,0,7,0);
Insert into TBL_FILE (FILE_NO,FILE_ORI_NAME,FILE_SAVE_NAME,FILE_EXT_NAME,FILE_PATH_NAME,FILE_T_PATH_NAME,FILE_TYPE,PET_NO,BOARD_NO,REV_NO,MEMBER_NO,PET_MEMBER_NO)
values (SEQ_TBL_FILE_NO.nextval,'진돗개1.jpg','b8bc0cd4-941e-414b-9663-b45c719adda6.jpg','.jpg','/upload/original/','/upload/thumbnail/thumbnail_b8bc0cd4-941e-414b-9663-b45c719adda6.jpg','MainImg',9,0,0,8,0);
Insert into TBL_FILE (FILE_NO,FILE_ORI_NAME,FILE_SAVE_NAME,FILE_EXT_NAME,FILE_PATH_NAME,FILE_T_PATH_NAME,FILE_TYPE,PET_NO,BOARD_NO,REV_NO,MEMBER_NO,PET_MEMBER_NO)
values (SEQ_TBL_FILE_NO.nextval,'진돗개2.jpg','ef8415be-15bd-46bb-a4c1-95e3c1aa105a.jpg','.jpg','/upload/original/','No','SubImg',9,0,0,8,0);
Insert into TBL_FILE (FILE_NO,FILE_ORI_NAME,FILE_SAVE_NAME,FILE_EXT_NAME,FILE_PATH_NAME,FILE_T_PATH_NAME,FILE_TYPE,PET_NO,BOARD_NO,REV_NO,MEMBER_NO,PET_MEMBER_NO)
values (SEQ_TBL_FILE_NO.nextval,'시츄1.jpg','faf5b731-7b27-4f06-9b90-29edcb5a14a7.jpg','.jpg','/upload/original/','/upload/thumbnail/thumbnail_faf5b731-7b27-4f06-9b90-29edcb5a14a7.jpg','MainImg',10,0,0,9,0);
Insert into TBL_FILE (FILE_NO,FILE_ORI_NAME,FILE_SAVE_NAME,FILE_EXT_NAME,FILE_PATH_NAME,FILE_T_PATH_NAME,FILE_TYPE,PET_NO,BOARD_NO,REV_NO,MEMBER_NO,PET_MEMBER_NO)
values (SEQ_TBL_FILE_NO.nextval,'시츄2.jpg','7a1400ba-edba-4164-956e-73d58e0b4992.jpg','.jpg','/upload/original/','No','SubImg',10,0,0,9,0);
Insert into TBL_FILE (FILE_NO,FILE_ORI_NAME,FILE_SAVE_NAME,FILE_EXT_NAME,FILE_PATH_NAME,FILE_T_PATH_NAME,FILE_TYPE,PET_NO,BOARD_NO,REV_NO,MEMBER_NO,PET_MEMBER_NO)
values (SEQ_TBL_FILE_NO.nextval,'포메1.jpg','853b66c8-304e-43a8-85f0-54409b6414c1.jpg','.jpg','/upload/original/','/upload/thumbnail/thumbnail_853b66c8-304e-43a8-85f0-54409b6414c1.jpg','MainImg',11,0,0,10,0);
Insert into TBL_FILE (FILE_NO,FILE_ORI_NAME,FILE_SAVE_NAME,FILE_EXT_NAME,FILE_PATH_NAME,FILE_T_PATH_NAME,FILE_TYPE,PET_NO,BOARD_NO,REV_NO,MEMBER_NO,PET_MEMBER_NO)
values (SEQ_TBL_FILE_NO.nextval,'포메2.jpg','31d5a8ca-ffb4-40a9-8cc2-73ea1a785461.jpg','.jpg','/upload/original/','No','SubImg',11,0,0,10,0);


commit;


-- 게시판 카테고리 테이블 정보 추가
INSERT INTO TBL_BOARD_CATEGORY (CATEGORY_CODE,CATEGORY_NAME) values (1,'일반공지');
INSERT INTO TBL_BOARD_CATEGORY (CATEGORY_CODE,CATEGORY_NAME) values (2,'중요공지');
INSERT INTO TBL_BOARD_CATEGORY (CATEGORY_CODE,CATEGORY_NAME) values (3,'신고문의');
INSERT INTO TBL_BOARD_CATEGORY (CATEGORY_CODE,CATEGORY_NAME) values (4,'일반문의');
INSERT INTO TBL_BOARD_CATEGORY (CATEGORY_CODE,CATEGORY_NAME) values (5,'결제문의');
INSERT INTO TBL_BOARD_CATEGORY (CATEGORY_CODE,CATEGORY_NAME) values (6,'기타문의');

commit;

-- 게시판 테이블 정보 추가
Insert into TBL_BOARD (BOARD_NO,BOARD_NAME,BOARD_DETAIL,BOARD_REGIST_DATE,BOARD_VIEWS,BOARD_REVISE_DATE,BOARD_STAT,BOARD_DELETE_DATE,BOARD_SORT,BOARD_SECRET,MEMBER_NO,CATEGORY_CODE,REF_BOARD_NO) values (SEQ_TBL_BOARD_NO.NEXTVAL,'일반공지 1','내용1','20231017','0','','Y','','1','',1,1,'');
Insert into TBL_BOARD (BOARD_NO,BOARD_NAME,BOARD_DETAIL,BOARD_REGIST_DATE,BOARD_VIEWS,BOARD_REVISE_DATE,BOARD_STAT,BOARD_DELETE_DATE,BOARD_SORT,BOARD_SECRET,MEMBER_NO,CATEGORY_CODE,REF_BOARD_NO) values (SEQ_TBL_BOARD_NO.NEXTVAL,'일반공지 2','<p>내용2</p>','20231017','1','20231017','Y','','1','',1,1,'');
Insert into TBL_BOARD (BOARD_NO,BOARD_NAME,BOARD_DETAIL,BOARD_REGIST_DATE,BOARD_VIEWS,BOARD_REVISE_DATE,BOARD_STAT,BOARD_DELETE_DATE,BOARD_SORT,BOARD_SECRET,MEMBER_NO,CATEGORY_CODE,REF_BOARD_NO) values (SEQ_TBL_BOARD_NO.NEXTVAL,'일반공지 3','<p>내용3<br></p>','20231017','0','','Y','','1','',1,1,'');
Insert into TBL_BOARD (BOARD_NO,BOARD_NAME,BOARD_DETAIL,BOARD_REGIST_DATE,BOARD_VIEWS,BOARD_REVISE_DATE,BOARD_STAT,BOARD_DELETE_DATE,BOARD_SORT,BOARD_SECRET,MEMBER_NO,CATEGORY_CODE,REF_BOARD_NO) values (SEQ_TBL_BOARD_NO.NEXTVAL,'일반공지 4','<p>내용4<br></p>','20231017','0','','Y','','1','',1,1,'');
Insert into TBL_BOARD (BOARD_NO,BOARD_NAME,BOARD_DETAIL,BOARD_REGIST_DATE,BOARD_VIEWS,BOARD_REVISE_DATE,BOARD_STAT,BOARD_DELETE_DATE,BOARD_SORT,BOARD_SECRET,MEMBER_NO,CATEGORY_CODE,REF_BOARD_NO) values (SEQ_TBL_BOARD_NO.NEXTVAL,'일반공지 5','<p>내용5<br></p>','20231017','0','','Y','','1','',1,1,'');
Insert into TBL_BOARD (BOARD_NO,BOARD_NAME,BOARD_DETAIL,BOARD_REGIST_DATE,BOARD_VIEWS,BOARD_REVISE_DATE,BOARD_STAT,BOARD_DELETE_DATE,BOARD_SORT,BOARD_SECRET,MEMBER_NO,CATEGORY_CODE,REF_BOARD_NO) values (SEQ_TBL_BOARD_NO.NEXTVAL,'중요공지 6','<p>내용6</p>','20231017','0','','Y','','1','',1,2,'');
Insert into TBL_BOARD (BOARD_NO,BOARD_NAME,BOARD_DETAIL,BOARD_REGIST_DATE,BOARD_VIEWS,BOARD_REVISE_DATE,BOARD_STAT,BOARD_DELETE_DATE,BOARD_SORT,BOARD_SECRET,MEMBER_NO,CATEGORY_CODE,REF_BOARD_NO) values (SEQ_TBL_BOARD_NO.NEXTVAL,'중요공지 7','<p>내용 7</p>','20231017','0','','Y','','1','',1,2,'');
Insert into TBL_BOARD (BOARD_NO,BOARD_NAME,BOARD_DETAIL,BOARD_REGIST_DATE,BOARD_VIEWS,BOARD_REVISE_DATE,BOARD_STAT,BOARD_DELETE_DATE,BOARD_SORT,BOARD_SECRET,MEMBER_NO,CATEGORY_CODE,REF_BOARD_NO) values (SEQ_TBL_BOARD_NO.NEXTVAL,'중요공지 8','<p>내용 8</p>','20231017','0','','Y','','1','',1,2,'');
Insert into TBL_BOARD (BOARD_NO,BOARD_NAME,BOARD_DETAIL,BOARD_REGIST_DATE,BOARD_VIEWS,BOARD_REVISE_DATE,BOARD_STAT,BOARD_DELETE_DATE,BOARD_SORT,BOARD_SECRET,MEMBER_NO,CATEGORY_CODE,REF_BOARD_NO) values (SEQ_TBL_BOARD_NO.NEXTVAL,'중요공지 9','<p>내용9</p>','20231017','0','','Y','','1','',1,2,'');
Insert into TBL_BOARD (BOARD_NO,BOARD_NAME,BOARD_DETAIL,BOARD_REGIST_DATE,BOARD_VIEWS,BOARD_REVISE_DATE,BOARD_STAT,BOARD_DELETE_DATE,BOARD_SORT,BOARD_SECRET,MEMBER_NO,CATEGORY_CODE,REF_BOARD_NO) values (SEQ_TBL_BOARD_NO.NEXTVAL,'중요공지 10','<p>내용 10;</p>','20231017','0','','Y','','1','',1,2,'');
Insert into TBL_BOARD (BOARD_NO,BOARD_NAME,BOARD_DETAIL,BOARD_REGIST_DATE,BOARD_VIEWS,BOARD_REVISE_DATE,BOARD_STAT,BOARD_DELETE_DATE,BOARD_SORT,BOARD_SECRET,MEMBER_NO,CATEGORY_CODE,REF_BOARD_NO) values (SEQ_TBL_BOARD_NO.NEXTVAL,'중요공지11','<p>내용</p>','20231017','1','','Y','','1','',1,2,'');
Insert into TBL_BOARD (BOARD_NO,BOARD_NAME,BOARD_DETAIL,BOARD_REGIST_DATE,BOARD_VIEWS,BOARD_REVISE_DATE,BOARD_STAT,BOARD_DELETE_DATE,BOARD_SORT,BOARD_SECRET,MEMBER_NO,CATEGORY_CODE,REF_BOARD_NO) values (SEQ_TBL_BOARD_NO.NEXTVAL,'공지사항','<p>내용</p>','20231017','1','','Y','','1','',1,1,'');
Insert into TBL_BOARD (BOARD_NO,BOARD_NAME,BOARD_DETAIL,BOARD_REGIST_DATE,BOARD_VIEWS,BOARD_REVISE_DATE,BOARD_STAT,BOARD_DELETE_DATE,BOARD_SORT,BOARD_SECRET,MEMBER_NO,CATEGORY_CODE,REF_BOARD_NO) values (SEQ_TBL_BOARD_NO.NEXTVAL,'환영해요','<p>내용</p>','20231017','4','','Y','','1','',1,1,'');
Insert into TBL_BOARD (BOARD_NO,BOARD_NAME,BOARD_DETAIL,BOARD_REGIST_DATE,BOARD_VIEWS,BOARD_REVISE_DATE,BOARD_STAT,BOARD_DELETE_DATE,BOARD_SORT,BOARD_SECRET,MEMBER_NO,CATEGORY_CODE,REF_BOARD_NO) values (SEQ_TBL_BOARD_NO.NEXTVAL,'어서와요','<p>내용</p>','20231017','1','','Y','','1','',1,1,'');
Insert into TBL_BOARD (BOARD_NO,BOARD_NAME,BOARD_DETAIL,BOARD_REGIST_DATE,BOARD_VIEWS,BOARD_REVISE_DATE,BOARD_STAT,BOARD_DELETE_DATE,BOARD_SORT,BOARD_SECRET,MEMBER_NO,CATEGORY_CODE,REF_BOARD_NO) values (SEQ_TBL_BOARD_NO.NEXTVAL,'결제문의','결제문의','20231017','0','','Y','','2','',1,5,'');
Insert into TBL_BOARD (BOARD_NO,BOARD_NAME,BOARD_DETAIL,BOARD_REGIST_DATE,BOARD_VIEWS,BOARD_REVISE_DATE,BOARD_STAT,BOARD_DELETE_DATE,BOARD_SORT,BOARD_SECRET,MEMBER_NO,CATEGORY_CODE,REF_BOARD_NO) values (SEQ_TBL_BOARD_NO.NEXTVAL,'신고문의','신고문의 ','20231017','0','','Y','','2','',1,3,'');
Insert into TBL_BOARD (BOARD_NO,BOARD_NAME,BOARD_DETAIL,BOARD_REGIST_DATE,BOARD_VIEWS,BOARD_REVISE_DATE,BOARD_STAT,BOARD_DELETE_DATE,BOARD_SORT,BOARD_SECRET,MEMBER_NO,CATEGORY_CODE,REF_BOARD_NO) values (SEQ_TBL_BOARD_NO.NEXTVAL,'일반문의','일반문의','20231017','0','','Y','','2','',1,4,'');
Insert into TBL_BOARD (BOARD_NO,BOARD_NAME,BOARD_DETAIL,BOARD_REGIST_DATE,BOARD_VIEWS,BOARD_REVISE_DATE,BOARD_STAT,BOARD_DELETE_DATE,BOARD_SORT,BOARD_SECRET,MEMBER_NO,CATEGORY_CODE,REF_BOARD_NO) values (SEQ_TBL_BOARD_NO.NEXTVAL,'기타문의','기타문의','20231017','0','','Y','','2','',1,6,'');

commit;


-- 후기 테이블 정보 추가
--펫시터4(넘버5) - 깐따삐야- 0개
--펫시터5(넘버6) - 호이 - 3개
--펫시터6(넘버7) - 까칠이 - 3개
--펫시터7(넘버8) - 맛좋은라면 - 2개
--펫시터8(넘버9) - 길동아부지 - 2개
--펫시터9(넘버10) - 하하 - 0개

Insert into TBL_REVIEW (REV_CODE,REV_SCORE,REV_CONTENT,REV_CREATED_DATE,REV_MODIFY_DATE,REV_STATUS,MEMBER_NO,RESERV_CODE,PET_MEMBER_NO)
values (SEQ_TBL_REVIEW_NO.NEXTVAL,'2','산책 많이 시켜주신다고 했는데 별로 안시키더라구요. 비흡연이라고 하셨는데 그것도 아닌 것 같아요.',to_date('23/10/19','RR/MM/DD'),to_date('23/10/19','RR/MM/DD'),'Y',3,11,7);

Insert into TBL_REVIEW (REV_CODE,REV_SCORE,REV_CONTENT,REV_CREATED_DATE,REV_MODIFY_DATE,REV_STATUS,MEMBER_NO,RESERV_CODE,PET_MEMBER_NO)
values (SEQ_TBL_REVIEW_NO.NEXTVAL,'4','최고의 펫시터라고 꼭 말씀 드리고 싶었어요!! 처음으로 떨어져 있던 터라 제가 많이 불안했는데 앞으로는 믿고 맡길 수 있겠어요. 정말 진심으로 아껴주셔서 넘 감동...',to_date('23/10/19','RR/MM/DD'),to_date('23/10/19','RR/MM/DD'),'Y',3,10,9);

Insert into TBL_REVIEW (REV_CODE,REV_SCORE,REV_CONTENT,REV_CREATED_DATE,REV_MODIFY_DATE,REV_STATUS,MEMBER_NO,RESERV_CODE,PET_MEMBER_NO)
values (SEQ_TBL_REVIEW_NO.NEXTVAL,'4','분리불안이 좀 있어서 호텔링에 맡기자니 왠지 걱정되고 불안해서 최대한 집과 비슷한 환경을 찾고자 시터를 찾게됐어요. 정말 좋은 시터를 만난 것 같아요. 픽업하는 날 절 보면 울부짖을 줄 알았는데 전혀 아니어서 서운한 마음이 들 정도였어요. 케어 잘 해주셔서 감사해요.',to_date('23/10/19','RR/MM/DD'),to_date('23/10/19','RR/MM/DD'),'Y',4,17,8);

Insert into TBL_REVIEW (REV_CODE,REV_SCORE,REV_CONTENT,REV_CREATED_DATE,REV_MODIFY_DATE,REV_STATUS,MEMBER_NO,RESERV_CODE,PET_MEMBER_NO)
values (SEQ_TBL_REVIEW_NO.NEXTVAL,'4','이것 저것 요구사항도 많아서 정신 없으셨을텐데 세심하게 케어해주시고 수시로 사진도 보내주셔서 안심하고 볼일 봤네요. 너무 감사해요.',to_date('23/10/19','RR/MM/DD'),to_date('23/10/19','RR/MM/DD'),'Y',4,16,6);

Insert into TBL_REVIEW (REV_CODE,REV_SCORE,REV_CONTENT,REV_CREATED_DATE,REV_MODIFY_DATE,REV_STATUS,MEMBER_NO,RESERV_CODE,PET_MEMBER_NO)
values (SEQ_TBL_REVIEW_NO.NEXTVAL,'1','별로였어요,,담배피는 건지 우리 애 픽업해오니까 담배냄새가 배있어요,,애한테 냄새가 밸 정도면 심한거잖아요,,다음엔 안맡길래요',to_date('23/10/19','RR/MM/DD'),to_date('23/10/19','RR/MM/DD'),'Y',3,10,9);

Insert into TBL_REVIEW (REV_CODE,REV_SCORE,REV_CONTENT,REV_CREATED_DATE,REV_MODIFY_DATE,REV_STATUS,MEMBER_NO,RESERV_CODE,PET_MEMBER_NO)
values (SEQ_TBL_REVIEW_NO.NEXTVAL,'3','펫시터 서비스 자체는 괜찮은 것 같아요. 잘 맡겼어요,,연락이 조금 안돼서 좀 불안하긴 했어요..',to_date('23/10/19','RR/MM/DD'),to_date('23/10/19','RR/MM/DD'),'Y',3,11,7);

Insert into TBL_REVIEW (REV_CODE,REV_SCORE,REV_CONTENT,REV_CREATED_DATE,REV_MODIFY_DATE,REV_STATUS,MEMBER_NO,RESERV_CODE,PET_MEMBER_NO)
values (SEQ_TBL_REVIEW_NO.NEXTVAL,'1','별점 하나라도 주기 싫은데 후기에 꼭 작성하려고 하나 눌렀어요. 우리 애 잃어버려서 덕분에 남의 동네 발에 불나도록 뛰어다녔네요. 근처 병원에서 겨우 찾았어요.',to_date('23/10/19','RR/MM/DD'),to_date('23/10/19','RR/MM/DD'),'Y',2,5,6);

Insert into TBL_REVIEW (REV_CODE,REV_SCORE,REV_CONTENT,REV_CREATED_DATE,REV_MODIFY_DATE,REV_STATUS,MEMBER_NO,RESERV_CODE,PET_MEMBER_NO)
values (SEQ_TBL_REVIEW_NO.NEXTVAL,'5','이사온지 얼마 안돼서 근처에 아는 사람도 없어서 펫시터 알아봤습니다. 잘 맡아주셔서 잘 데려왔습니다. 감사해요.',to_date('23/10/19','RR/MM/DD'),to_date('23/10/19','RR/MM/DD'),'Y',4,19,7);

Insert into TBL_REVIEW (REV_CODE,REV_SCORE,REV_CONTENT,REV_CREATED_DATE,REV_MODIFY_DATE,REV_STATUS,MEMBER_NO,RESERV_CODE,PET_MEMBER_NO)
values (SEQ_TBL_REVIEW_NO.NEXTVAL,'5','여행때문에 처음 시터분께 부탁한건데 너무 친절하시고 매시간마다 뭘 했고 하루는 어땠고 사진도 저보다 많이 찍어주셨어요. 다른분이 취소하셔서 되는분 찾았던건데 오히려 더 좋은 선택이었던 것 같아요! 꽤 오래 떨어져있었음에도 다녀온 뒤에 불안해하거나 힘들어하지않았어요. 이번을 계기로 앞으로 더 맘편히 맡기고 집을 비울 수 있을것같아요!! 또 기회가 된다면 꼭 시터님께 부탁할 예정입니다. 강추!!!! 호텔링보다 훨씬 좋은 선택인것같습니다~',to_date('23/10/19','RR/MM/DD'),to_date('23/10/19','RR/MM/DD'),'Y',2,5,6);

Insert into TBL_REVIEW (REV_CODE,REV_SCORE,REV_CONTENT,REV_CREATED_DATE,REV_MODIFY_DATE,REV_STATUS,MEMBER_NO,RESERV_CODE,PET_MEMBER_NO)
values (SEQ_TBL_REVIEW_NO.NEXTVAL,'4','애들이 너무 잘 놀고왔나봐요. 비법을 알고 싶을 정도로 재밌게 보내고 온 것 같아요. 덕분에 걱정없이 어디 다녀올 수 있었어요. 다음에도 집 비울 일 있으면 맡기러 올게요!',to_date('23/10/19','RR/MM/DD'),to_date('23/10/19','RR/MM/DD'),'Y',2,4,7);
Insert into TBL_REVIEW (REV_CODE,REV_SCORE,REV_CONTENT,REV_CREATED_DATE,REV_MODIFY_DATE,REV_STATUS,MEMBER_NO,RESERV_CODE,PET_MEMBER_NO)
values (SEQ_TBL_REVIEW_NO.NEXTVAL,'3','펫시터 추천합니다~~펫시터 추천합니다~~펫시터 추천합니다~~펫시터 추천합니다~~펫시터 추천합니다~~펫시터 추천합니다~~펫시터 추천합니다~~펫시터 추천합니다~~펫시터 추천합니다~~펫시터 추천합니다~~',to_date('23/10/19','RR/MM/DD'),to_date('23/10/19','RR/MM/DD'),'Y',4,19,7);


commit;


-- 예약 테이블 정보 추가
Insert into TBL_RESERVATION (RESERV_CODE,RESERV_START,RESERV_END,RESERV_STATUS,RESERV_ACCUM,RESERV_TOTAL_AMOUNT,RESERV_DAY_COUNT,RESERV_TIME_COUNT,RESERV_VAT,RESERV_APP_DATE,RESERV_UPDATE_DATE,MEMBER_NO,PET_MEMBER_NO)
values (SEQ_TBL_RESERVATION_NO.NEXTVAL,'2023-10-19 09:00','2023-10-19 16:00','대기',0,19250,0,7,1750,'2023. 10. 19. 오전 10:44:15','2023. 10. 19. 오전 10:44:15',2,10);
Insert into TBL_RESERVATION (RESERV_CODE,RESERV_START,RESERV_END,RESERV_STATUS,RESERV_ACCUM,RESERV_TOTAL_AMOUNT,RESERV_DAY_COUNT,RESERV_TIME_COUNT,RESERV_VAT,RESERV_APP_DATE,RESERV_UPDATE_DATE,MEMBER_NO,PET_MEMBER_NO)
values (SEQ_TBL_RESERVATION_NO.NEXTVAL,'2023-10-20 08:00','2023-10-20 14:00','결제대기',0,16500,0,6,1500,'2023. 10. 19. 오전 10:45:33','2023. 10. 19. 오전 10:45:33',2,9);
Insert into TBL_RESERVATION (RESERV_CODE,RESERV_START,RESERV_END,RESERV_STATUS,RESERV_ACCUM,RESERV_TOTAL_AMOUNT,RESERV_DAY_COUNT,RESERV_TIME_COUNT,RESERV_VAT,RESERV_APP_DATE,RESERV_UPDATE_DATE,MEMBER_NO,PET_MEMBER_NO)
values (SEQ_TBL_RESERVATION_NO.NEXTVAL,'2023-10-21 11:00','2023-10-21 17:30','서비스대기',0,19250,0,7,1750,'2023. 10. 19. 오전 10:45:59','2023. 10. 19. 오전 10:45:59',2,8);
Insert into TBL_RESERVATION (RESERV_CODE,RESERV_START,RESERV_END,RESERV_STATUS,RESERV_ACCUM,RESERV_TOTAL_AMOUNT,RESERV_DAY_COUNT,RESERV_TIME_COUNT,RESERV_VAT,RESERV_APP_DATE,RESERV_UPDATE_DATE,MEMBER_NO,PET_MEMBER_NO)
values (SEQ_TBL_RESERVATION_NO.NEXTVAL,'2023-10-26 11:00','2023-10-26 17:30','서비스완료',0,19250,0,7,1750,'2023. 10. 19. 오전 10:46:18','2023. 10. 19. 오전 10:46:18',2,7);
Insert into TBL_RESERVATION (RESERV_CODE,RESERV_START,RESERV_END,RESERV_STATUS,RESERV_ACCUM,RESERV_TOTAL_AMOUNT,RESERV_DAY_COUNT,RESERV_TIME_COUNT,RESERV_VAT,RESERV_APP_DATE,RESERV_UPDATE_DATE,MEMBER_NO,PET_MEMBER_NO)
values (SEQ_TBL_RESERVATION_NO.NEXTVAL,'2023-10-20 11:00','2023-10-20 17:30','서비스완료',0,19250,0,7,1750,'2023. 10. 19. 오전 10:46:18','2023. 10. 19. 오전 10:46:18',2,6);
Insert into TBL_RESERVATION (RESERV_CODE,RESERV_START,RESERV_END,RESERV_STATUS,RESERV_ACCUM,RESERV_TOTAL_AMOUNT,RESERV_DAY_COUNT,RESERV_TIME_COUNT,RESERV_VAT,RESERV_APP_DATE,RESERV_UPDATE_DATE,MEMBER_NO,PET_MEMBER_NO)
values (SEQ_TBL_RESERVATION_NO.NEXTVAL,'2023-10-22 13:00','2023-10-22 20:30','취소',0,22000,0,8,2000,'2023. 10. 19. 오전 10:47:09','2023. 10. 19. 오전 10:47:09',2,5);


Insert into TBL_RESERVATION (RESERV_CODE,RESERV_START,RESERV_END,RESERV_STATUS,RESERV_ACCUM,RESERV_TOTAL_AMOUNT,RESERV_DAY_COUNT,RESERV_TIME_COUNT,RESERV_VAT,RESERV_APP_DATE,RESERV_UPDATE_DATE,MEMBER_NO,PET_MEMBER_NO)
values (SEQ_TBL_RESERVATION_NO.NEXTVAL,'2023-10-20 11:00','2023-10-20 22:00','대기',0,30250,0,11,2750,'2023. 10. 19. 오전 10:53:33','2023. 10. 19. 오전 10:53:33',3,5);
Insert into TBL_RESERVATION (RESERV_CODE,RESERV_START,RESERV_END,RESERV_STATUS,RESERV_ACCUM,RESERV_TOTAL_AMOUNT,RESERV_DAY_COUNT,RESERV_TIME_COUNT,RESERV_VAT,RESERV_APP_DATE,RESERV_UPDATE_DATE,MEMBER_NO,PET_MEMBER_NO)
values (SEQ_TBL_RESERVATION_NO.NEXTVAL,'2023-10-28 07:00','2023-10-28 15:00','결제대기',0,22000,0,8,2000,'2023. 10. 19. 오전 10:53:56','2023. 10. 19. 오전 10:53:56',3,6);
Insert into TBL_RESERVATION (RESERV_CODE,RESERV_START,RESERV_END,RESERV_STATUS,RESERV_ACCUM,RESERV_TOTAL_AMOUNT,RESERV_DAY_COUNT,RESERV_TIME_COUNT,RESERV_VAT,RESERV_APP_DATE,RESERV_UPDATE_DATE,MEMBER_NO,PET_MEMBER_NO)
values (SEQ_TBL_RESERVATION_NO.NEXTVAL,'2023-10-19 17:00','2023-10-22 19:00','서비스대기',0,121000,3,2,11000,'2023. 10. 19. 오전 10:54:58','2023. 10. 19. 오전 10:54:58',3,8);
Insert into TBL_RESERVATION (RESERV_CODE,RESERV_START,RESERV_END,RESERV_STATUS,RESERV_ACCUM,RESERV_TOTAL_AMOUNT,RESERV_DAY_COUNT,RESERV_TIME_COUNT,RESERV_VAT,RESERV_APP_DATE,RESERV_UPDATE_DATE,MEMBER_NO,PET_MEMBER_NO)
values (SEQ_TBL_RESERVATION_NO.NEXTVAL,'2023-10-25 07:30','2023-10-25 13:30','서비스완료',0,16500,0,6,1500,'2023. 10. 19. 오전 10:55:26','2023. 10. 19. 오전 10:55:26',3,9);
Insert into TBL_RESERVATION (RESERV_CODE,RESERV_START,RESERV_END,RESERV_STATUS,RESERV_ACCUM,RESERV_TOTAL_AMOUNT,RESERV_DAY_COUNT,RESERV_TIME_COUNT,RESERV_VAT,RESERV_APP_DATE,RESERV_UPDATE_DATE,MEMBER_NO,PET_MEMBER_NO)
values (SEQ_TBL_RESERVATION_NO.NEXTVAL,'2023-10-20 07:30','2023-10-20 13:30','서비스완료',0,16500,0,6,1500,'2023. 10. 19. 오전 10:55:26','2023. 10. 19. 오전 10:55:26',3,7);
Insert into TBL_RESERVATION (RESERV_CODE,RESERV_START,RESERV_END,RESERV_STATUS,RESERV_ACCUM,RESERV_TOTAL_AMOUNT,RESERV_DAY_COUNT,RESERV_TIME_COUNT,RESERV_VAT,RESERV_APP_DATE,RESERV_UPDATE_DATE,MEMBER_NO,PET_MEMBER_NO)
values (SEQ_TBL_RESERVATION_NO.NEXTVAL,'2023-10-19 05:30','2023-10-21 10:00','취소',0,90750,2,5,8250,'2023. 10. 19. 오전 10:58:42','2023. 10. 19. 오전 10:58:42',3,9);


Insert into TBL_RESERVATION (RESERV_CODE,RESERV_START,RESERV_END,RESERV_STATUS,RESERV_ACCUM,RESERV_TOTAL_AMOUNT,RESERV_DAY_COUNT,RESERV_TIME_COUNT,RESERV_VAT,RESERV_APP_DATE,RESERV_UPDATE_DATE,MEMBER_NO,PET_MEMBER_NO)
values (SEQ_TBL_RESERVATION_NO.NEXTVAL,'2023-10-28 10:00','2023-10-29 20:00','대기',0,66000,1,10,6000,'2023. 10. 19. 오전 11:00:17','2023. 10. 19. 오전 11:00:17',4,9);
Insert into TBL_RESERVATION (RESERV_CODE,RESERV_START,RESERV_END,RESERV_STATUS,RESERV_ACCUM,RESERV_TOTAL_AMOUNT,RESERV_DAY_COUNT,RESERV_TIME_COUNT,RESERV_VAT,RESERV_APP_DATE,RESERV_UPDATE_DATE,MEMBER_NO,PET_MEMBER_NO)
values (SEQ_TBL_RESERVATION_NO.NEXTVAL,'2023-10-23 06:00','2023-10-27 18:00','결제대기',0,187000,4,12,17000,'2023. 10. 19. 오전 11:00:37','2023. 10. 19. 오전 11:00:37',4,10);
Insert into TBL_RESERVATION (RESERV_CODE,RESERV_START,RESERV_END,RESERV_STATUS,RESERV_ACCUM,RESERV_TOTAL_AMOUNT,RESERV_DAY_COUNT,RESERV_TIME_COUNT,RESERV_VAT,RESERV_APP_DATE,RESERV_UPDATE_DATE,MEMBER_NO,PET_MEMBER_NO)
values (SEQ_TBL_RESERVATION_NO.NEXTVAL,'2023-10-19 06:00','2023-10-21 20:30','서비스대기',0,118250,2,15,10750,'2023. 10. 19. 오전 11:00:56','2023. 10. 19. 오전 11:00:56',4,7);
Insert into TBL_RESERVATION (RESERV_CODE,RESERV_START,RESERV_END,RESERV_STATUS,RESERV_ACCUM,RESERV_TOTAL_AMOUNT,RESERV_DAY_COUNT,RESERV_TIME_COUNT,RESERV_VAT,RESERV_APP_DATE,RESERV_UPDATE_DATE,MEMBER_NO,PET_MEMBER_NO)
values (SEQ_TBL_RESERVATION_NO.NEXTVAL,'2023-10-19 06:00','2023-10-20 20:30','서비스완료',0,79750,1,15,7250,'2023. 10. 19. 오전 11:02:03','2023. 10. 19. 오전 11:02:03',4,6);
Insert into TBL_RESERVATION (RESERV_CODE,RESERV_START,RESERV_END,RESERV_STATUS,RESERV_ACCUM,RESERV_TOTAL_AMOUNT,RESERV_DAY_COUNT,RESERV_TIME_COUNT,RESERV_VAT,RESERV_APP_DATE,RESERV_UPDATE_DATE,MEMBER_NO,PET_MEMBER_NO)
values (SEQ_TBL_RESERVATION_NO.NEXTVAL,'2023-10-10 06:00','2023-10-11 20:30','서비스완료',0,79750,1,15,7250,'2023. 10. 19. 오전 11:02:03','2023. 10. 19. 오전 11:02:03',4,8);
Insert into TBL_RESERVATION (RESERV_CODE,RESERV_START,RESERV_END,RESERV_STATUS,RESERV_ACCUM,RESERV_TOTAL_AMOUNT,RESERV_DAY_COUNT,RESERV_TIME_COUNT,RESERV_VAT,RESERV_APP_DATE,RESERV_UPDATE_DATE,MEMBER_NO,PET_MEMBER_NO)
values (SEQ_TBL_RESERVATION_NO.NEXTVAL,'2023-10-24 07:00','2023-10-25 20:30','취소',0,77000,1,14,7000,'2023. 10. 19. 오전 11:03:41','2023. 10. 19. 오전 11:03:41',4,7);
Insert into TBL_RESERVATION (RESERV_CODE,RESERV_START,RESERV_END,RESERV_STATUS,RESERV_ACCUM,RESERV_TOTAL_AMOUNT,RESERV_DAY_COUNT,RESERV_TIME_COUNT,RESERV_VAT,RESERV_APP_DATE,RESERV_UPDATE_DATE,MEMBER_NO,PET_MEMBER_NO)
values (SEQ_TBL_RESERVATION_NO.NEXTVAL,'2023-10-24 03:00','2023-10-25 08:30','서비스완료',0,55000,1,6,5000,'2023. 10. 19. 오후 4:01:01','2023. 10. 19. 오후 4:01:01',4,7);

commit;


-- 반려견 테이블 정보 추가
Insert into TBL_MYPET (PET_CODE,PET_NAME,PET_AGE,PET_GENDER,NEUTRAL_YN,PET_BREED,PET_WEIGHT,PET_REGIST,P_SOCIAL,A_SOCIAL,BARK_LEVEL,SEP_ANXIETY,PET_DISEASE,PET_DISEASE_EXP,PET_ALLERGY,PET_ALLERGY_EXP,POTTY_TRAIN,MARKING_IN,VACCIN,HOS_NAME,HOS_PHONE,HOS_ADDRESS,MEMBER_NO,REGIST_STATUS)
values (SEQ_TBL_MYPET_NO.NEXTVAL,'루디','4','여아','예','비글',14,'내장형','보통이에요','보통이에요','보통','아니오','아니오',null,'아니오',null,'예','예','혼합예방주사(DHPPL),코로나장염(연 1회),광견병,기관지염(연 1회,심장사상충(월 1회)','멍병원','02-0000-0000','서울시 동작구',2,'Y');
Insert into TBL_MYPET (PET_CODE,PET_NAME,PET_AGE,PET_GENDER,NEUTRAL_YN,PET_BREED,PET_WEIGHT,PET_REGIST,P_SOCIAL,A_SOCIAL,BARK_LEVEL,SEP_ANXIETY,PET_DISEASE,PET_DISEASE_EXP,PET_ALLERGY,PET_ALLERGY_EXP,POTTY_TRAIN,MARKING_IN,VACCIN,HOS_NAME,HOS_PHONE,HOS_ADDRESS,MEMBER_NO,REGIST_STATUS
) values (SEQ_TBL_MYPET_NO.NEXTVAL,'숙희','3','남아','예','허스키',13,'내장형','보통이에요','보통이에요','보통','예','예',null,'예',null,'예','예','혼합예방주사(DHPPL),코로나장염(연 1회)','멍병원','02-0000-0000','서울시 동작구',2,'Y');
Insert into TBL_MYPET (PET_CODE,PET_NAME,PET_AGE,PET_GENDER,NEUTRAL_YN,PET_BREED,PET_WEIGHT,PET_REGIST,P_SOCIAL,A_SOCIAL,BARK_LEVEL,SEP_ANXIETY,PET_DISEASE,PET_DISEASE_EXP,PET_ALLERGY,PET_ALLERGY_EXP,POTTY_TRAIN,MARKING_IN,VACCIN,HOS_NAME,HOS_PHONE,HOS_ADDRESS,MEMBER_NO,REGIST_STATUS)
values (SEQ_TBL_MYPET_NO.NEXTVAL,'우유','7','여아','예','폼피츠',4,'내장형','보통이에요','보통이에요','보통','예','예','곰팡이균','예',null,'예','아니오','혼합예방주사(DHPPL),코로나장염(연 1회)','참조은동물병원','031-968-4865','서울시 동작구',3,'Y');
Insert into TBL_MYPET (PET_CODE,PET_NAME,PET_AGE,PET_GENDER,NEUTRAL_YN,PET_BREED,PET_WEIGHT,PET_REGIST,P_SOCIAL,A_SOCIAL,BARK_LEVEL,SEP_ANXIETY,PET_DISEASE,PET_DISEASE_EXP,PET_ALLERGY,PET_ALLERGY_EXP,POTTY_TRAIN,MARKING_IN,VACCIN,HOS_NAME,HOS_PHONE,HOS_ADDRESS,MEMBER_NO,REGIST_STATUS)
values (SEQ_TBL_MYPET_NO.NEXTVAL,'루비','8','남아','예','비글',15,'내장형','매우 좋아요','매우좋아요','보통','예','아니오',null,'아니오',null,'예','예','혼합예방주사(DHPPL),코로나장염(연 1회),광견병','우리동네동물병원','031-968-4865','경기도 고양시',3,'Y');
Insert into TBL_MYPET (PET_CODE,PET_NAME,PET_AGE,PET_GENDER,NEUTRAL_YN,PET_BREED,PET_WEIGHT,PET_REGIST,P_SOCIAL,A_SOCIAL,BARK_LEVEL,SEP_ANXIETY,PET_DISEASE,PET_DISEASE_EXP,PET_ALLERGY,PET_ALLERGY_EXP,POTTY_TRAIN,MARKING_IN,VACCIN,HOS_NAME,HOS_PHONE,HOS_ADDRESS,MEMBER_NO,REGIST_STATUS)
values (SEQ_TBL_MYPET_NO.NEXTVAL,'벤지','3','남아','예','불독',10,'내장형','매우 좋아요','매우좋아요','보통','아니오','아니오',null,'아니오',null,'예','예','혼합예방주사(DHPPL),광견병,기관지염(연 1회,심장사상충(월 1회)','참조은병원','02-0000-0000','서울시 동작구',5,'Y');
Insert into TBL_MYPET (PET_CODE,PET_NAME,PET_AGE,PET_GENDER,NEUTRAL_YN,PET_BREED,PET_WEIGHT,PET_REGIST,P_SOCIAL,A_SOCIAL,BARK_LEVEL,SEP_ANXIETY,PET_DISEASE,PET_DISEASE_EXP,PET_ALLERGY,PET_ALLERGY_EXP,POTTY_TRAIN,MARKING_IN,VACCIN,HOS_NAME,HOS_PHONE,HOS_ADDRESS,MEMBER_NO,REGIST_STATUS)
values (SEQ_TBL_MYPET_NO.NEXTVAL,'절미','5','남아','예','리트리버',18,'내장형','보통이에요','보통이에요','보통','예','아니오',null,'아니오',null,'예','예','혼합예방주사(DHPPL),광견병,기관지염(연 1회,심장사상충(월 1회)','멍병원','02-0000-0000','서울시 동작구',4,'Y');
Insert into TBL_MYPET (PET_CODE,PET_NAME,PET_AGE,PET_GENDER,NEUTRAL_YN,PET_BREED,PET_WEIGHT,PET_REGIST,P_SOCIAL,A_SOCIAL,BARK_LEVEL,SEP_ANXIETY,PET_DISEASE,PET_DISEASE_EXP,PET_ALLERGY,PET_ALLERGY_EXP,POTTY_TRAIN,MARKING_IN,VACCIN,HOS_NAME,HOS_PHONE,HOS_ADDRESS,MEMBER_NO,REGIST_STATUS)
values (SEQ_TBL_MYPET_NO.NEXTVAL,'먼지','10','여아','예','말티즈',5,'내장형','보통이에요','보통이에요','보통','예','예',null,'예',null,'예','예','혼합예방주사(DHPPL),코로나장염(연 1회),광견병,기관지염(연 1회','참조은동물병원','02-0000-0000','서울시 동작구',6,'Y');
Insert into TBL_MYPET (PET_CODE,PET_NAME,PET_AGE,PET_GENDER,NEUTRAL_YN,PET_BREED,PET_WEIGHT,PET_REGIST,P_SOCIAL,A_SOCIAL,BARK_LEVEL,SEP_ANXIETY,PET_DISEASE,PET_DISEASE_EXP,PET_ALLERGY,PET_ALLERGY_EXP,POTTY_TRAIN,MARKING_IN,VACCIN,HOS_NAME,HOS_PHONE,HOS_ADDRESS,MEMBER_NO,REGIST_STATUS)
values (SEQ_TBL_MYPET_NO.NEXTVAL,'맹수','12','여아','예','치와와',4,'내장형','보통이에요','보통이에요','보통','아니오','아니오',null,'예',null,'예','예','하지않음','우리동네동물병원','02-0000-0000','서울시 동작구',7,'Y');
Insert into TBL_MYPET (PET_CODE,PET_NAME,PET_AGE,PET_GENDER,NEUTRAL_YN,PET_BREED,PET_WEIGHT,PET_REGIST,P_SOCIAL,A_SOCIAL,BARK_LEVEL,SEP_ANXIETY,PET_DISEASE,PET_DISEASE_EXP,PET_ALLERGY,PET_ALLERGY_EXP,POTTY_TRAIN,MARKING_IN,VACCIN,HOS_NAME,HOS_PHONE,HOS_ADDRESS,MEMBER_NO,REGIST_STATUS)
values (SEQ_TBL_MYPET_NO.NEXTVAL,'도리','8','남아','예','진돗개',12,'내장형','보통이에요','보통이에요','보통','예','예',null,'예',null,'예','예','혼합예방주사(DHPPL),코로나장염(연 1회),광견병,기관지염(연 1회','멍병원','02-0000-0000','수원시 영통구',8,'Y');
Insert into TBL_MYPET (PET_CODE,PET_NAME,PET_AGE,PET_GENDER,NEUTRAL_YN,PET_BREED,PET_WEIGHT,PET_REGIST,P_SOCIAL,A_SOCIAL,BARK_LEVEL,SEP_ANXIETY,PET_DISEASE,PET_DISEASE_EXP,PET_ALLERGY,PET_ALLERGY_EXP,POTTY_TRAIN,MARKING_IN,VACCIN,HOS_NAME,HOS_PHONE,HOS_ADDRESS,MEMBER_NO,REGIST_STATUS)
values (SEQ_TBL_MYPET_NO.NEXTVAL,'둥이','12','남아','예','시츄',9,'내장형','보통이에요','보통이에요','보통','아니오','아니오',null,'아니오',null,'예','예','혼합예방주사(DHPPL),코로나장염(연 1회)','멍병원','02-0000-0000','서울시 동작구',9,'Y');
Insert into TBL_MYPET (PET_CODE,PET_NAME,PET_AGE,PET_GENDER,NEUTRAL_YN,PET_BREED,PET_WEIGHT,PET_REGIST,P_SOCIAL,A_SOCIAL,BARK_LEVEL,SEP_ANXIETY,PET_DISEASE,PET_DISEASE_EXP,PET_ALLERGY,PET_ALLERGY_EXP,POTTY_TRAIN,MARKING_IN,VACCIN,HOS_NAME,HOS_PHONE,HOS_ADDRESS,MEMBER_NO,REGIST_STATUS)
values (SEQ_TBL_MYPET_NO.NEXTVAL,'절미','3','남아','예','포메라니안',4,'내장형','보통이에요','보통이에요','보통','아니오','아니오',null,'아니오',null,'예','예','혼합예방주사(DHPPL),코로나장염(연 1회),광견병,기관지염(연 1회,심장사상충(월 1회)','참조은동물병원','02-0000-0000','서울시 동작구',10,'Y');

commit;


-- 결제 테이블 정보 추가
Insert into TBL_PAYMENT (PAY_RECORD_CODE,PAY_PRICE,PAY_STAT,PAY_DATE,PAYMENT_CODE,RESERV_CODE) values (SEQ_TBL_PAYMENT_NO.NEXTVAL,19250,'결제완료',to_date('23/10/19','RR/MM/DD'),1,4);
Insert into TBL_PAYMENT (PAY_RECORD_CODE,PAY_PRICE,PAY_STAT,PAY_DATE,PAYMENT_CODE,RESERV_CODE) values (SEQ_TBL_PAYMENT_NO.NEXTVAL,19250,'결제완료',to_date('23/10/19','RR/MM/DD'),1,5);
Insert into TBL_PAYMENT (PAY_RECORD_CODE,PAY_PRICE,PAY_STAT,PAY_DATE,PAYMENT_CODE,RESERV_CODE) values (SEQ_TBL_PAYMENT_NO.NEXTVAL,16500,'결제완료',to_date('23/10/20','RR/MM/DD'),1,10);
Insert into TBL_PAYMENT (PAY_RECORD_CODE,PAY_PRICE,PAY_STAT,PAY_DATE,PAYMENT_CODE,RESERV_CODE) values (SEQ_TBL_PAYMENT_NO.NEXTVAL,16500,'결제완료',to_date('23/10/20','RR/MM/DD'),1,11);
Insert into TBL_PAYMENT (PAY_RECORD_CODE,PAY_PRICE,PAY_STAT,PAY_DATE,PAYMENT_CODE,RESERV_CODE) values (SEQ_TBL_PAYMENT_NO.NEXTVAL,79750,'결제완료',to_date('23/10/20','RR/MM/DD'),1,16);
Insert into TBL_PAYMENT (PAY_RECORD_CODE,PAY_PRICE,PAY_STAT,PAY_DATE,PAYMENT_CODE,RESERV_CODE) values (SEQ_TBL_PAYMENT_NO.NEXTVAL,79750,'결제완료',to_date('23/10/20','RR/MM/DD'),1,17);

commit;





-- -- 구현못한 테이블 --
--
-- -- 적립금 테이블 정보 추가
-- INSERT INTO TBL_ACCUMULATE(ACCUM_POINT_CODE,ACCUM_REGIST_DATE,AMOUNT,ACCUM_DIVISION,ACCUM_STAT,ACCUM_STAT_DATE,MEMBER_NO)
-- VALUES(SEQ_TBL_ACCUMULATE_NO.NEXTVAL,'',0,'','','',0);
--
-- commit;
--
-- -- 알림 테이블 정보 추가
-- INSERT INTO TBL_ALERT(NT_CODE,NT_SORT,NT_DATE_SENT,NT_CONTENT,MEMBER_NO)
-- VALUES(SEQ_TBL_ALERT_NO.NEXTVAL,'','','',0);
--
-- commit;
--
-- -- 찜한펫시터 테이블 정보 추가
-- INSERT INTO TBL_FAVORITE_SITTER(MEMBER_NO,PET_MEMBER_NO)
-- VALUES(0,0);
--
-- commit;
--
-- -- 정산 테이블 정보 추가
-- INSERT INTO TBL_ADJUSTMENT(PETMEMBER_SUM_NO,TOTAL_PAYMENT,TOTAL_SUM,SUM_COMPLETE_DAY,STARTDAY,ENDDAY,ACCOUNT_HOLDER,BANK_NM,ACCOUNT,PET_MEMBER_NO)
-- VALUES(SEQ_TBL_ADJUSTMENT_NO.NEXTVAL,0,0,'','','','','',0,0);
--
-- commit;
--
--
-- -- 환불 테이블 정보 추가
-- INSERT INTO TBL_REFUND(RESERV_CODE,RESERV_CCL_DATE,RESERV_CCL_DESC,RESERV_CCL_DESC_DE)
-- VALUES(0,'','','');
--
-- commit;